1.00612712	1.00389043	0.98872209	1.23444531	0.00858501	0.04005628	0.00002978	0.00050852	0.00000078	0.00005614	7.04288982	6.02334260	0.00000564	0.00003694	0.14076269	0.55174773	0.22543356	0.24084543	0.21069852	0.19732498
1.02978685	1.02788528	3.15632741	2.69308623	0.02546208	0.06889698	0.00004036	0.00038752	0.00000114	0.00004041	12.35744219	7.19519698	0.00003403	0.00025729	0.19768204	0.70717131	0.69284370	0.69655051	0.64861294	0.64487973
1.14087902	1.15425672	7.41739948	7.13534504	0.10500148	0.31999315	0.00011087	0.00117873	0.00000297	0.00009948	17.11318531	19.62236419	0.00034681	0.00131842	0.37268257	1.30322939	1.96077711	1.96390559	1.79993766	1.85929933
1.02883704	1.02820429	3.63365667	3.19415590	0.03147874	0.07788681	0.00004715	0.00038776	0.00000148	0.00004382	15.43255565	12.33845149	0.00006670	0.00025681	0.24797196	0.76574886	0.91967119	0.85373161	0.88025183	0.79818493
1.07167691	1.08198500	2.98887503	3.23189330	0.02493634	0.09541491	0.00004070	0.00053676	0.00000064	0.00003169	8.57341528	7.57389497	0.00018784	0.00069789	0.25648440	0.92509217	0.87308979	0.91281377	0.85596030	0.89497082
1.02534493	1.03109438	1.94995447	1.68870186	0.02662765	0.07075366	0.00009155	0.00087053	0.00000259	0.00012355	9.22810437	6.18656628	0.00003159	0.00034610	0.22500699	0.91359696	0.36350546	0.41156032	0.33344431	0.37371151
1.03299903	1.03186118	2.17929072	1.97838502	0.02802748	0.09189455	0.00009350	0.00104680	0.00000339	0.00015574	7.23099319	8.25488947	0.00009539	0.00013904	0.30766073	0.90929284	0.51228109	0.44152634	0.46579300	0.32975460
1.11829093	1.12771527	6.93903601	7.79464583	0.12562587	0.46902228	0.00019677	0.00257895	0.00000563	0.00027143	8.94632740	7.89400690	0.00056713	0.00218135	0.57609726	2.22409172	2.04329301	2.24539045	1.99302578	2.17089255
1.02584959	1.02827734	0.70241643	0.97486866	0.00542259	0.03439908	0.00002821	0.00064519	0.00000065	0.00006425	6.15509755	5.14138670	0.00001944	0.00006384	0.18132432	0.73466093	0.19360087	0.21660218	0.18861721	0.20961659
1.07249847	1.07439579	2.23061115	1.93533413	0.01773155	0.03928406	0.00003186	0.00024714	0.00000086	0.00002831	11.79748315	9.66956210	0.00002652	0.00011471	0.16203441	0.57019858	0.50095691	0.50248780	0.43769020	0.44955057
1.08921902	1.08747457	1.90429500	2.29705453	0.01475635	0.07336650	0.00003462	0.00057681	0.00000072	0.00007841	6.53531412	8.69979657	0.00011716	0.00023355	0.20813755	0.81446800	0.49286658	0.57470096	0.45150677	0.53859535
1.04036136	1.03243338	2.25238427	1.88001078	0.02435422	0.06226491	0.00006370	0.00058634	0.00000184	0.00004927	9.36325221	6.19460027	0.00005435	0.00034036	0.24849628	0.82232729	0.52776922	0.48327426	0.48355911	0.45609912
1.08869889	1.09323182	1.34939523	1.35887342	0.01462073	0.05136326	0.00006549	0.00080877	0.00000165	0.00006910	3.26609666	4.37292728	0.00019050	0.00034130	0.31123980	1.06617590	0.38603573	0.37557502	0.38007701	0.36912168
1.08688635	1.08305236	3.21474586	3.81371446	0.06260713	0.27299677	0.00023041	0.00330753	0.00000835	0.00050075	7.60820442	7.58136654	0.00045766	0.00078205	0.56634262	2.09056429	0.85485641	0.95608322	0.84061608	0.94401360
1.00234847	1.00294837	0.85273199	0.68161728	0.00830786	0.01644394	0.00005829	0.00037960	0.00000244	0.00006649	5.01174233	4.01179349	0.00002242	0.00009413	0.21868895	0.65827442	0.17313724	0.15809579	0.15238395	0.13235728
1.02370519	1.02104339	1.78964791	1.42701469	0.01537442	0.05444228	0.00004887	0.00060673	0.00000143	0.00007550	6.14223115	3.06313016	0.00009249	0.00029997	0.25322920	0.80770291	0.44257926	0.40225368	0.40061193	0.38257979
1.07528367	1.07961827	4.39460627	4.23584114	0.04535131	0.15242324	0.00006026	0.00069797	0.00000126	0.00004968	13.97868765	11.87580097	0.00015915	0.00080126	0.27645816	0.95751726	1.15592039	1.16073525	1.11378854	1.12957761
1.06081430	1.05978999	4.04910433	3.21155315	0.03244154	0.06033401	0.00003774	0.00023814	0.00000088	0.00002466	20.15547170	15.89684990	0.00002365	0.00022387	0.16573787	0.56972682	0.79143715	0.80015955	0.73384750	0.76003992
1.20564869	1.20441188	5.56573236	5.90109381	0.06789677	0.26539277	0.00009387	0.00118341	0.00000217	0.00011799	9.64518956	15.65735439	0.00033707	0.00075680	0.40684820	1.33212939	1.63491027	1.65872288	1.57575318	1.61839896
1.06349952	1.07828762	5.32884582	5.20976669	0.07988533	0.37984910	0.00013094	0.00213242	0.00000440	0.00026476	11.69849474	8.62630094	0.00021698	0.00106526	0.41529887	1.41011580	1.40751817	1.39322515	1.34716209	1.32272285
1.00776438	1.00929827	2.35924389	2.60904052	0.02090521	0.10242377	0.00005262	0.00087698	0.00000166	0.00011534	8.06211505	8.07438613	0.00004254	0.00019544	0.22672488	0.85340741	0.50034951	0.55196038	0.46386154	0.49344835
1.10318377	1.10718670	4.24802787	3.56033054	0.04723842	0.11244703	0.00008477	0.00068941	0.00000225	0.00005488	9.92865397	8.85749358	0.00022806	0.00090868	0.36247178	1.13616259	1.12216787	1.02896728	1.09250158	1.00278669
1.02471116	1.02478919	1.71511489	1.94700344	0.01029998	0.04238277	0.00002009	0.00026039	0.00000058	0.00003087	9.22240042	11.27268111	0.00001435	0.00006263	0.13025877	0.46578528	0.37089466	0.41979727	0.32721519	0.36289262
1.13463584	1.14488800	6.33054335	7.00361393	0.07290639	0.26422960	0.00007091	0.00086654	0.00000171	0.00008712	21.55808096	18.31820802	0.00017424	0.00100474	0.30445911	1.13008030	1.73903737	1.91268616	1.67934636	1.77240721
1.01110015	1.00819172	1.45465180	1.42843742	0.01127748	0.05482302	0.00004302	0.00070941	0.00000190	0.00008913	6.06660088	8.06553378	0.00002833	0.00007687	0.23598262	0.69906523	0.34362250	0.29822772	0.29818784	0.25878339
1.02544866	1.02951493	2.35316184	2.41929565	0.02836823	0.10342139	0.00008648	0.00110238	0.00000317	0.00014951	8.20358931	6.17708956	0.00006885	0.00056702	0.28522955	1.29639427	0.51978892	0.67522352	0.46608982	0.63071257
1.11816481	1.11815122	5.38419489	5.20454164	0.06559767	0.19337749	0.00007799	0.00076318	0.00000230	0.00007229	16.77247220	16.77226826	0.00017689	0.00063768	0.29563217	0.97510241	1.38132661	1.37065051	1.31830358	1.29635229
1.05817277	1.05995782	2.44941455	1.55207110	0.02084374	0.03921360	0.00003529	0.00022850	0.00000111	0.00001941	11.63990050	10.59957817	0.00004802	0.00008525	0.17274784	0.43144518	0.56681494	0.41045181	0.47880058	0.38566133
1.02217435	1.02092792	2.26486755	2.69541416	0.02376898	0.10733931	0.00007164	0.00108051	0.00000335	0.00018968	9.19956918	10.20927915	0.00009607	0.00027652	0.30452491	1.10480533	0.56126487	0.60822825	0.50900579	0.55945412
1.06021530	1.05832123	1.97733731	2.18103951	0.01168516	0.05107786	0.00002083	0.00030631	0.00000064	0.00003728	11.66236834	10.58321227	0.00006621	0.00013414	0.16788634	0.61777618	0.52331449	0.57124901	0.48517480	0.54323173
1.02003791	1.01599260	2.23538737	1.50233916	0.03045017	0.04278338	0.00010253	0.00048129	0.00000445	0.00005968	7.14026540	8.12794082	0.00006175	0.00010858	0.26380163	0.67487972	0.43520995	0.33234109	0.40038642	0.28375113
1.12104496	1.11721350	5.14083837	4.47875737	0.05231943	0.15156060	0.00006677	0.00062692	0.00000187	0.00005962	20.17880929	11.17213499	0.00015799	0.00070424	0.29415371	0.94219530	1.28045024	1.26401660	1.22351089	1.23233890
1.00752766	1.00627156	1.09266534	0.69352280	0.01166197	0.01684070	0.00005653	0.00031477	0.00000253	0.00004797	7.05269365	4.02508623	0.00001905	0.00004568	0.18923035	0.49256243	0.21685051	0.14578018	0.17807530	0.11328414
1.05643647	1.05497284	2.12945529	2.47874784	0.02586236	0.10362844	0.00007991	0.00112467	0.00000255	0.00013135	6.33861881	5.27486420	0.00015587	0.00050515	0.31370663	1.28118037	0.56403616	0.65456109	0.54372804	0.62063369
1.03487795	1.04322043	1.78322719	1.87269906	0.01661473	0.07062845	0.00006088	0.00090181	0.00000214	0.00012391	4.13951179	5.21610214	0.00008484	0.00041194	0.29683875	1.11438553	0.45002070	0.48443886	0.40810440	0.44116223
1.04986038	1.04473341	5.44208184	5.94676651	0.06394682	0.23297383	0.00007306	0.00090744	0.00000282	0.00012191	17.84762645	20.89466822	0.00014659	0.00057856	0.29550724	1.08634242	1.43687486	1.54799951	1.34862015	1.44590145
1.01292019	1.00947895	1.14821901	1.26598583	0.01015347	0.04695165	0.00004087	0.00063494	0.00000145	0.00009469	5.06460094	6.05687368	0.00006111	0.00014893	0.21654499	0.75529982	0.29888237	0.30924385	0.28180757	0.27431528
1.01403247	1.01599778	1.00197038	1.55974535	0.00982326	0.07230973	0.00004265	0.00109117	0.00000109	0.00005590	4.05612989	5.07998891	0.00002312	0.00009812	0.15034648	0.79699948	0.19233175	0.29051028	0.17466466	0.22767912
1.10254760	1.10985299	3.84009465	3.61707389	0.02557167	0.10424288	0.00003095	0.00043251	0.00000072	0.00004559	16.53821396	16.64779487	0.00009275	0.00027258	0.21908393	0.72516123	1.00564031	0.96943676	0.98658656	0.92911881
1.00716574	1.01869473	0.46045434	0.82667306	0.00272294	0.06594847	0.00001919	0.00194984	0.00000051	0.00029749	3.02149723	4.07477891	0.00000000	0.00021844	0.16322157	1.02576604	0.12863652	0.19199499	0.12060063	0.17972906
1.03599155	1.03757648	4.74825463	3.50738501	0.03322236	0.07234516	0.00003341	0.00024649	0.00000145	0.00003226	24.86379713	17.63880008	0.00003647	0.00011859	0.19448529	0.56061022	1.07445019	0.91224330	1.04912999	0.86939071
1.01349124	1.01107874	3.38782253	3.15225418	0.04882039	0.11310926	0.00011093	0.00072824	0.00000612	0.00011221	11.14840367	11.12186609	0.00009968	0.00028151	0.32213445	0.92888674	0.78751165	0.80039832	0.73179312	0.72906113
1.09779486	1.09984572	3.26309838	3.44390463	0.04146244	0.14669689	0.00008794	0.00107457	0.00000232	0.00012115	7.68456404	9.89861144	0.00017490	0.00042052	0.35139719	1.21666412	0.92035343	0.92165155	0.89837228	0.89981901
1.07641539	1.07360973	3.07937308	2.53459386	0.03821977	0.08973887	0.00009475	0.00077924	0.00000296	0.00007139	6.45849237	4.29443893	0.00022793	0.00062220	0.38479609	1.11254538	0.86231574	0.71136127	0.81485016	0.68248087
1.17344432	1.17394474	6.10420491	4.48210717	0.09545696	0.13769691	0.00013667	0.00065883	0.00000440	0.00011674	26.98921940	18.78311583	0.00006600	0.00055981	0.28650595	0.95165752	1.11146487	1.10265133	1.04194415	1.07575837
1.13656667	1.12991088	4.22212499	3.52092914	0.06158267	0.14253146	0.00012203	0.00094730	0.00000336	0.00009729	15.91193338	10.16919793	0.00011406	0.00039204	0.35048998	1.05707148	0.98255450	0.88181444	0.95285359	0.86083229
1.15659616	1.15144546	7.26296994	7.19200366	0.18362442	0.50587570	0.00037043	0.00344201	0.00001348	0.00043044	11.56596158	10.36300918	0.00068833	0.00203611	0.71304410	2.40002689	1.96360276	1.95811333	1.86304950	1.80870079
1.05660793	1.06374624	1.90130454	2.04938479	0.01475572	0.04411267	0.00002869	0.00029589	0.00000084	0.00003584	7.39625552	8.50996991	0.00005559	0.00023733	0.18553152	0.68201372	0.53000925	0.56402271	0.50946709	0.53572289
1.14946904	1.14386885	8.73366810	8.47957170	0.14170992	0.39030358	0.00013400	0.00118590	0.00000400	0.00011682	24.13884976	21.73350816	0.00040800	0.00110092	0.41229124	1.31979389	2.42224365	2.41169380	2.35178110	2.33763245
1.18827967	1.21232338	3.52581893	3.34441692	0.06397413	0.23855066	0.00020685	0.00263542	0.00000663	0.00032403	4.75311868	6.06161689	0.00055287	0.00098473	0.58988485	1.76018651	1.01352235	0.88295052	0.99157553	0.85044859
1.18251882	1.19024186	4.89750236	4.51360806	0.06353201	0.25195098	0.00008825	0.00119497	0.00000192	0.00011485	16.55526353	9.52193490	0.00043391	0.00164198	0.34754964	1.09415082	1.38991566	1.28063187	1.32408793	1.22726701
1.10253203	1.11707658	10.10252044	10.51328714	0.12619843	0.39733177	0.00008658	0.00087721	0.00000214	0.00007086	18.74304446	23.45860820	0.00029842	0.00116800	0.35289692	1.19482327	2.85743239	3.00517674	2.78318055	2.92066573
1.04694859	1.04341976	2.43669479	2.51338922	0.02659297	0.08868706	0.00006942	0.00071560	0.00000247	0.00005774	10.46948585	7.30393834	0.00004865	0.00028009	0.25333419	0.84330076	0.53908376	0.57789760	0.51448878	0.47805956
1.06772927	1.06264676	2.93097464	3.10567123	0.01808007	0.06705320	0.00002502	0.00026926	0.00000061	0.00002783	13.88048051	11.68911441	0.00002893	0.00015148	0.17519844	0.54352826	0.70325027	0.75007595	0.66415994	0.73081442
1.14581777	1.15394244	5.76887507	5.99214345	0.09291531	0.29738968	0.00014392	0.00149252	0.00000327	0.00014249	13.74981329	12.69336688	0.00039152	0.00144344	0.43158515	1.49011517	1.54784556	1.64791335	1.50525985	1.59098088
1.02282943	1.03526057	1.36544034	1.38623777	0.00890610	0.04029561	0.00002992	0.00042355	0.00000088	0.00003237	6.13697657	7.24682397	0.00009200	0.00012280	0.21850592	0.70581161	0.36136136	0.37223882	0.33898934	0.35754788
1.06395781	1.06471374	2.60104632	2.77690861	0.02684505	0.12228074	0.00006526	0.00100057	0.00000153	0.00009423	4.25583125	11.71185115	0.00013936	0.00047095	0.30541975	1.03209049	0.69799906	0.69880216	0.65925656	0.65183959
1.00096601	1.00145950	1.06928917	1.75536224	0.00558277	0.03402737	0.00001135	0.00023442	0.00000025	0.00002453	6.00579608	13.01897348	0.00000191	0.00002595	0.05624014	0.40690366	0.15370388	0.32723680	0.13446680	0.24508280
1.00205698	1.00165802	0.34949438	0.70711907	0.00113903	0.01843558	0.00000605	0.00033317	0.00000028	0.00005731	3.00617094	4.00663209	0.00000673	0.00004819	0.08686348	0.54054414	0.09078932	0.16581592	0.08096635	0.13504239
1.01637882	1.01560987	2.42604652	1.57267861	0.02179801	0.04606069	0.00004710	0.00033242	0.00000170	0.00005559	13.21292472	9.14048883	0.00001124	0.00007507	0.18030575	0.45811463	0.46348894	0.35122191	0.32585389	0.31578329
1.01037742	1.00934679	4.10768514	3.52438233	0.03913396	0.07829396	0.00004465	0.00029943	0.00000183	0.00005332	20.20754844	22.20562936	0.00001475	0.00006885	0.16680427	0.54564026	0.81219346	0.79022306	0.72757743	0.73514122
1.00161270	1.00199225	2.70228952	2.03156194	0.01764816	0.03964987	0.00002896	0.00021745	0.00000127	0.00003185	19.03064121	13.02589925	0.00001418	0.00006581	0.15848885	0.45958998	0.53643027	0.46397594	0.44439723	0.39708653
1.01627931	1.01343233	1.92360432	1.85278894	0.01106253	0.03472454	0.00001741	0.00018659	0.00000073	0.00002577	12.19535177	12.16118793	0.00001849	0.00003966	0.12986891	0.41684223	0.45837672	0.42975540	0.42516264	0.38724909
1.01111704	1.01014325	1.60108827	1.87023405	0.01044616	0.05778046	0.00002674	0.00047259	0.00000111	0.00004211	9.10005335	11.11157571	0.00001462	0.00005979	0.15573639	0.53697472	0.33793725	0.36203040	0.29775383	0.31011788
1.00388400	1.00369079	1.59506197	1.65593602	0.00909808	0.03757976	0.00002211	0.00029451	0.00000084	0.00004469	12.04660804	12.04428953	0.00000861	0.00002940	0.14060614	0.47524569	0.32141692	0.33531558	0.27031120	0.24347332
1.02583695	1.02036775	1.80051410	2.74176573	0.01610303	0.07466022	0.00002919	0.00047321	0.00000101	0.00007697	7.18085863	13.26478074	0.00004354	0.00013336	0.14147788	0.69406378	0.43360115	0.60611310	0.41658009	0.56057787
1.00719166	1.00697117	2.79877612	2.39135615	0.01979279	0.06749570	0.00003341	0.00037550	0.00000160	0.00006721	17.12225830	13.09062515	0.00002631	0.00008559	0.18282296	0.59977730	0.60166022	0.59741301	0.52652957	0.56568796
1.04413593	1.02787828	2.07639287	1.47748041	0.02035689	0.03104368	0.00005490	0.00028544	0.00000145	0.00003144	8.35308742	6.16726967	0.00004445	0.00012388	0.22540157	0.65234994	0.46427394	0.39374198	0.41445587	0.37171558
1.00627735	1.00676964	0.95572771	1.39288856	0.00682062	0.04762746	0.00002366	0.00060637	0.00000059	0.00008341	7.04394147	7.04738747	0.00000371	0.00005453	0.11935059	0.59505589	0.19112147	0.25874903	0.15672874	0.17983529
1.00821914	1.00871539	1.18209842	1.31230918	0.00901546	0.02996493	0.00003073	0.00035575	0.00000138	0.00005069	6.04931484	6.05229236	0.00002668	0.00010664	0.18104369	0.61642286	0.29503105	0.28774508	0.27416210	0.24452009
1.03971521	1.04507463	4.65624750	4.27696309	0.07258937	0.14401947	0.00009858	0.00064880	0.00000339	0.00008911	19.75458895	20.90149266	0.00002228	0.00014527	0.22411036	0.82663190	0.91663948	1.01636878	0.89614548	0.99556617
1.06187251	1.05935058	3.90787351	4.34737498	0.03659811	0.15967005	0.00005121	0.00074781	0.00000143	0.00009894	13.80434261	18.00895991	0.00011202	0.00030067	0.25251679	0.95201443	1.00256760	1.12666302	0.98895996	1.10108254
1.00351228	1.00559638	0.45405064	0.40039072	0.00273203	0.00929324	0.00001706	0.00020636	0.00000074	0.00002738	3.01053685	3.01678914	0.00001409	0.00004735	0.12168993	0.43858596	0.10826649	0.10954325	0.09711800	0.10332741
1.18302138	1.20148166	5.70865462	5.66467696	0.08662422	0.30238695	0.00011821	0.00143092	0.00000241	0.00009125	13.01323518	10.81333493	0.00050724	0.00219756	0.41104690	1.40523396	1.67340581	1.64866470	1.64857911	1.62784642
1.01611781	1.01797031	2.31852043	2.96501327	0.02038532	0.13653387	0.00004958	0.00112689	0.00000154	0.00017414	11.17729595	14.25158433	0.00004055	0.00011117	0.21714371	0.89973976	0.49594559	0.60229536	0.45034592	0.57629784
1.13077371	1.11684652	2.40977612	2.07007869	0.02982579	0.08642274	0.00010325	0.00111309	0.00000326	0.00008900	4.52309482	8.93477212	0.00019579	0.00036913	0.38233248	1.22842358	0.61357318	0.52817386	0.56780785	0.48766869
1.09660877	1.09184858	4.14006514	3.93304071	0.05642068	0.17685840	0.00011340	0.00116758	0.00000364	0.00013731	12.06269644	7.64294009	0.00019023	0.00083167	0.43660661	1.34148073	1.20677311	1.12790650	1.17436732	1.10127277
1.00618254	1.00687695	1.31229519	0.77467710	0.01557061	0.04165211	0.00008226	0.00076077	0.00000446	0.00011428	6.03709525	5.03438473	0.00003451	0.00004176	0.26796396	0.55256488	0.28177448	0.16701387	0.22615621	0.15347325
1.13512457	1.13752708	4.81086513	4.27203845	0.05090016	0.15610247	0.00006260	0.00066525	0.00000163	0.00007180	20.43224231	15.92537910	0.00008921	0.00045859	0.24009017	0.88579811	1.08441885	1.15347548	1.04402651	1.13022425
1.03392905	1.03562550	1.44911027	1.30250903	0.01357313	0.02881220	0.00004166	0.00033997	0.00000111	0.00003209	5.16964527	6.21375298	0.00004678	0.00007913	0.16534051	0.61685913	0.29924814	0.28939534	0.26853868	0.25449143
1.15643732	1.17083347	6.61769744	6.13566062	0.07956287	0.20502937	0.00008140	0.00072795	0.00000187	0.00004347	19.65943449	12.87916819	0.00017303	0.00111962	0.32261529	1.12917534	1.75166892	1.76556023	1.65214413	1.68960736
1.18775658	1.18759039	5.13409167	4.83144334	0.07408921	0.17324745	0.00010575	0.00083631	0.00000331	0.00010509	16.62859211	16.62626550	0.00008733	0.00107902	0.32542572	1.15989428	1.26648182	1.33299907	1.24487940	1.31523909
1.05387151	1.05936705	2.25356986	2.36676171	0.01939144	0.08396666	0.00004880	0.00071235	0.00000149	0.00009362	10.53871508	8.47493640	0.00004000	0.00033127	0.25254416	0.89373851	0.55744195	0.58388539	0.50900090	0.54905830
1.10539178	1.10472069	5.97909613	5.32173609	0.06202797	0.18286458	0.00006514	0.00067453	0.00000215	0.00007005	21.00244380	13.25664830	0.00012301	0.00049206	0.28782238	0.94523033	1.52262853	1.42199371	1.41996562	1.36432281
1.05796349	1.04948501	1.10333085	1.80037339	0.01627960	0.12331056	0.00007405	0.00222161	0.00000146	0.00032503	2.11592697	5.24742507	0.00012754	0.00066442	0.24323148	1.35213782	0.29705549	0.41593676	0.27838539	0.37520496
1.06680544	1.06454839	2.81431781	2.71706199	0.02320535	0.09352844	0.00004477	0.00062886	0.00000113	0.00006565	8.53444355	11.71003226	0.00017540	0.00045139	0.24724644	0.81965866	0.71189389	0.67623431	0.68838610	0.65727843
1.01443772	1.00723591	0.77751331	0.67635184	0.00946200	0.01656108	0.00005771	0.00036571	0.00000208	0.00004216	4.05775088	3.02170774	0.00004883	0.00007258	0.21720021	0.58157159	0.19783677	0.14595386	0.17573534	0.12584358
1.03676699	1.03800647	3.62024598	3.53020698	0.03194851	0.11061232	0.00004795	0.00056787	0.00000173	0.00007994	13.47797086	12.45607769	0.00006669	0.00029313	0.24131803	0.84597859	0.89325551	0.91384997	0.86229551	0.89945586
1.01896625	1.02253731	1.50618521	1.71857472	0.01068502	0.03216122	0.00002169	0.00022536	0.00000061	0.00002195	7.13276378	7.15776115	0.00003792	0.00014835	0.14875868	0.55219060	0.40704919	0.43715946	0.39162528	0.40424481
1.02209817	1.02745907	1.98966012	2.54904426	0.01638575	0.08489754	0.00003448	0.00062687	0.00000097	0.00006173	7.15468722	11.30204973	0.00004265	0.00018803	0.20585364	0.89842305	0.54351049	0.67499631	0.52541028	0.62831962
1.09442803	1.08417720	3.32238665	3.73835505	0.03126876	0.17955618	0.00005477	0.00104917	0.00000193	0.00016272	12.03870837	16.26265799	0.00011976	0.00038003	0.27065328	0.95981030	0.85839397	0.91062510	0.82319330	0.88303290
1.11591529	1.11126064	5.78188725	5.22101615	0.10069025	0.27103717	0.00016469	0.00145081	0.00000585	0.00015382	15.62281403	11.11260637	0.00026260	0.00123187	0.46319231	1.45630148	1.57320028	1.51066061	1.52278072	1.44073996
1.09451847	1.09704733	6.16872178	6.14423593	0.06301599	0.23278622	0.00006694	0.00085125	0.00000163	0.00007591	15.32325859	16.45570991	0.00022951	0.00082059	0.32134856	1.14767269	1.68048422	1.74170143	1.57369839	1.64006730
1.16562655	1.18263355	5.34546825	5.07567334	0.10050761	0.30958889	0.00023168	0.00255233	0.00000516	0.00017992	8.15938588	8.27843484	0.00077292	0.00292187	0.62510554	2.17301091	1.50654070	1.46367603	1.45361267	1.41464300
1.03645578	1.03861999	5.71510617	4.58591041	0.04513155	0.09562285	0.00003676	0.00025691	0.00000147	0.00003444	27.98430614	25.96549977	0.00003336	0.00012368	0.17488092	0.53991972	1.19282028	1.11411007	1.11514719	1.07540018
1.01618776	1.01816869	3.63222050	2.83803785	0.04345301	0.12018613	0.00008807	0.00085330	0.00000190	0.00012775	16.25900420	11.19985561	0.00002800	0.00017897	0.24958373	0.78024513	0.68401708	0.60856503	0.59037108	0.52696490
1.08631985	1.06737504	4.14001672	3.23751622	0.04571861	0.08864959	0.00006776	0.00044206	0.00000219	0.00003586	14.12215808	10.67375039	0.00006707	0.00027560	0.27920205	0.79156564	1.04654282	0.88061646	1.03881306	0.84580678
1.06152302	1.06780691	3.23180421	3.22382256	0.03215535	0.12830490	0.00005076	0.00070627	0.00000119	0.00005831	10.61523020	7.47464839	0.00009670	0.00056521	0.22838635	0.87714782	0.80376668	0.88423389	0.75250690	0.87270484
1.11534970	1.13114475	4.63941493	5.15164032	0.06641241	0.23916119	0.00010970	0.00135818	0.00000212	0.00008728	6.69209823	13.57373705	0.00039308	0.00106140	0.40304366	1.45930455	1.35554476	1.42539424	1.31794065	1.35880398
1.03802360	1.03701375	4.81466532	5.59729148	0.04440693	0.19586800	0.00005529	0.00080276	0.00000202	0.00011657	20.76047196	17.62923380	0.00005419	0.00032029	0.25196748	1.05893082	1.12410383	1.43343442	1.09070226	1.33307304
1.19232859	1.17162674	7.81679186	7.66955643	0.18910009	0.53899452	0.00028493	0.00294420	0.00000891	0.00032316	17.88492890	11.71626738	0.00063360	0.00239335	0.59601052	2.10956054	2.19750782	2.14446601	2.07401899	1.96467626
1.03677578	1.03975240	4.42927680	4.17223488	0.07063203	0.25699457	0.00013879	0.00177468	0.00000499	0.00025267	13.47808518	11.43727640	0.00024680	0.00093641	0.38210793	1.25898549	1.08030326	1.01147308	1.06274754	0.93443259
1.01118041	1.00672642	1.77317956	1.98498238	0.00973047	0.04060605	0.00001613	0.00023978	0.00000047	0.00002728	13.14534527	10.06726418	0.00001732	0.00007205	0.12945308	0.45168478	0.43387985	0.42406510	0.40121034	0.36281426
1.01492146	1.01328749	2.84754324	3.33810501	0.01888007	0.07218322	0.00002248	0.00029843	0.00000096	0.00005071	18.26858625	18.23917483	0.00002787	0.00008497	0.14328510	0.58520126	0.66861257	0.78472281	0.64028223	0.71262333
1.02598183	1.02771933	5.64227781	4.32857781	0.05208123	0.11472789	0.00005503	0.00039757	0.00000203	0.00005794	31.80543661	21.58210594	0.00002799	0.00014381	0.20746174	0.65783246	1.09060570	1.05187403	1.05291683	1.02699517
1.01270668	1.01444015	2.33307881	2.49107518	0.02102020	0.05502422	0.00003317	0.00028806	0.00000131	0.00003909	12.15248011	17.24548261	0.00001728	0.00005636	0.13422083	0.48271201	0.47254627	0.51088447	0.43561544	0.43868469
1.01704122	1.01301866	1.92315970	1.56470226	0.01337470	0.02326964	0.00002541	0.00015967	0.00000078	0.00001529	10.17041223	8.10414931	0.00002909	0.00006217	0.16351933	0.41633636	0.47807220	0.33639163	0.44418148	0.30796051
1.00259326	1.00363035	0.82545600	1.17645452	0.00426155	0.02214043	0.00001248	0.00023782	0.00000035	0.00002870	6.01555954	8.02904280	0.00000538	0.00004002	0.08628846	0.46031966	0.16374156	0.23748458	0.11382520	0.15999337
1.01231154	1.01219358	4.20846823	2.44930839	0.03925588	0.04832838	0.00004923	0.00021536	0.00000189	0.00003305	19.23391933	18.21948440	0.00001972	0.00006993	0.17893959	0.47931226	0.79266601	0.59626925	0.66676598	0.54797885
1.01092504	1.01473230	3.50697323	3.58828465	0.03070620	0.07790491	0.00003430	0.00030715	0.00000114	0.00004088	18.19665067	16.23571685	0.00002008	0.00013681	0.15353410	0.62294447	0.76347491	0.87570309	0.73772510	0.80653624
1.01853946	1.01627405	3.33673703	2.45246346	0.02624286	0.04589956	0.00003655	0.00022685	0.00000102	0.00002471	13.24101300	10.16274051	0.00003369	0.00012547	0.16570394	0.54756872	0.66088505	0.61454352	0.61628686	0.56270380
1.07121524	1.06981285	3.62025551	3.96947870	0.02762587	0.10044366	0.00003155	0.00038617	0.00000085	0.00005247	17.13944385	19.25663131	0.00002998	0.00019881	0.17061378	0.67054776	0.82999556	0.96707160	0.79793886	0.95297818
1.00560197	1.00615556	1.55324897	0.99818916	0.00975589	0.01625950	0.00002119	0.00012772	0.00000067	0.00001404	8.04481574	6.03693339	0.00002135	0.00003876	0.13767537	0.33766650	0.35208530	0.23829131	0.29754437	0.21959649
1.02056216	1.01849398	2.19294194	2.82986237	0.01246005	0.08874590	0.00002209	0.00057160	0.00000080	0.00008518	11.22618373	14.25891575	0.00002332	0.00007676	0.16479244	0.69815212	0.51646246	0.59981888	0.45223748	0.46971987
1.00197109	1.00198020	2.50341754	1.76216736	0.01952910	0.04236831	0.00003536	0.00025982	0.00000135	0.00004688	19.03745078	11.02178218	0.00000627	0.00003858	0.14556891	0.42657614	0.44652166	0.38491786	0.31876331	0.31069985
1.00419229	1.00497981	3.27911685	2.81473139	0.02027447	0.07079137	0.00002529	0.00032174	0.00000072	0.00006176	21.08803808	17.08465676	0.00001064	0.00007960	0.13773947	0.57625518	0.61338858	0.70309234	0.49010846	0.64210317
1.00246437	1.00369775	0.70400013	1.19408360	0.00384492	0.04533788	0.00001464	0.00061644	0.00000078	0.00009463	7.01725057	9.03327976	0.00000768	0.00005021	0.10522828	0.51473274	0.15355253	0.20904694	0.13516290	0.15623449
1.03328261	1.03038135	2.58233103	2.37113275	0.01526918	0.04039268	0.00002035	0.00018642	0.00000075	0.00002265	16.53252182	16.48610166	0.00002138	0.00007206	0.13223282	0.42726809	0.55103843	0.51279602	0.48971981	0.47531522
1.02185415	1.02488393	1.28160243	1.94695094	0.00820749	0.05320220	0.00001946	0.00045478	0.00000060	0.00005072	7.15297904	12.29860721	0.00002747	0.00012156	0.13700115	0.65540281	0.32104936	0.42476627	0.29089662	0.35945675
1.00924893	1.00909442	2.98796962	2.77881273	0.02249112	0.05361440	0.00002894	0.00024176	0.00000106	0.00003221	15.13873391	16.14551077	0.00002382	0.00010932	0.14340722	0.53789228	0.61904265	0.66105459	0.57352065	0.61470186
1.02200693	1.02206818	2.34310342	1.72966647	0.01965673	0.04852972	0.00004249	0.00037703	0.00000156	0.00004142	10.22006931	8.17654545	0.00005414	0.00014707	0.20670040	0.65363502	0.53123259	0.46654304	0.48751905	0.44475928
1.13679958	1.14729019	4.31795813	5.13020468	0.02755340	0.10841596	0.00001890	0.00026055	0.00000040	0.00003445	28.41998960	28.68225478	0.00001409	0.00022564	0.11683687	0.58405076	0.94605642	1.34827638	0.91032690	1.31795527
1.04186503	1.03554910	4.55584685	4.00355054	0.07195940	0.17399518	0.00010326	0.00085817	0.00000414	0.00013630	14.58611039	16.56878559	0.00011466	0.00028598	0.25598773	0.85508248	0.99101480	0.96116053	0.93870446	0.94429759
1.01689103	1.01853298	2.95168688	2.49084295	0.01852235	0.04974745	0.00002388	0.00023861	0.00000057	0.00002475	11.18580136	12.22239577	0.00003307	0.00012289	0.14669297	0.54870781	0.63220192	0.63478867	0.56077497	0.58568339
1.01969846	1.01890617	3.92099977	2.98826794	0.02857750	0.05544339	0.00003437	0.00022453	0.00000130	0.00003437	21.41366768	17.32140496	0.00002557	0.00011188	0.18926592	0.53530474	0.87423162	0.73270707	0.84235303	0.69658880
1.02443996	1.02242943	1.98334325	1.83653390	0.01308555	0.04007129	0.00002434	0.00024926	0.00000062	0.00003131	8.19551967	12.26915319	0.00003944	0.00008091	0.14940310	0.49413929	0.44613712	0.44063885	0.40162332	0.37504629
1.16799235	1.16965127	9.52280783	9.13033182	0.13903085	0.43655807	0.00012376	0.00132187	0.00000288	0.00011896	19.85586993	16.37511779	0.00043473	0.00162996	0.43025344	1.41944214	2.68516012	2.60139252	2.58269511	2.51757954
1.29821883	1.31267812	3.33782670	3.03319947	0.04565122	0.19974627	0.00013798	0.00219888	0.00000333	0.00027019	7.78931298	13.12678118	0.00052879	0.00087305	0.50368746	1.58205240	0.92582897	0.79674825	0.90465689	0.75464738
1.16078577	1.16931118	4.48643104	4.71927199	0.06667203	0.25442009	0.00009795	0.00130615	0.00000169	0.00008933	13.92942921	12.86242294	0.00047814	0.00174647	0.30899544	1.19354708	1.16849452	1.29064440	1.13379431	1.24038924
1.15083437	1.16601297	11.40260734	10.68206596	0.12939160	0.42729879	0.00008326	0.00095975	0.00000137	0.00005106	25.31835612	13.99215561	0.00041456	0.00208224	0.37424328	1.31384960	3.23084022	3.24843679	3.16940190	3.22788516
1.10476950	1.10228634	8.06216926	7.91042137	0.09105089	0.32240099	0.00009476	0.00113226	0.00000128	0.00007038	13.25723401	13.22743607	0.00046025	0.00144497	0.44228226	1.50501039	2.36088411	2.37937747	2.28955779	2.31617977
1.12341608	1.12335884	7.66467771	8.96417806	0.12922271	0.54461156	0.00016328	0.00230498	0.00000371	0.00023148	11.23416076	16.85038257	0.00058050	0.00218567	0.51096020	1.87368095	2.24647283	2.45746274	2.20071761	2.31045705
1.20035913	1.21616977	5.68236767	5.60149721	0.09040179	0.29286507	0.00014231	0.00154786	0.00000379	0.00010690	12.00359133	6.08084884	0.00046517	0.00197706	0.46547929	1.61846081	1.64270427	1.69915826	1.59129313	1.66094263
1.10641260	1.09669150	7.43014503	7.25298654	0.16744486	0.50503103	0.00026656	0.00268377	0.00000891	0.00030671	11.06412598	13.16029803	0.00052727	0.00142191	0.59686626	1.89630247	2.08291473	1.98134037	1.99216319	1.86371869
1.05277013	1.04423274	3.62756367	3.28601052	0.05645058	0.18432713	0.00013899	0.00161573	0.00000387	0.00016240	7.36939092	8.35386191	0.00031756	0.00082699	0.43626211	1.47807445	0.98433629	0.93509257	0.93783734	0.90166794
1.18274055	1.19454321	10.61716272	10.52697500	0.22345325	0.67869968	0.00029340	0.00291974	0.00000754	0.00027795	13.01014606	15.52906175	0.00095937	0.00269773	0.71286487	2.32089375	3.01611356	2.99539469	2.88478871	2.85229733
1.21341990	1.22454285	2.38534051	2.42855454	0.03973181	0.19629864	0.00016273	0.00278102	0.00000361	0.00027706	2.42683979	3.67362856	0.00056696	0.00155868	0.53511206	1.83772213	0.72581614	0.71881083	0.72161433	0.67300207
1.06611445	1.04810023	2.20017665	3.16657985	0.02468398	0.17416899	0.00007875	0.00196331	0.00000130	0.00016287	6.39668668	9.43290206	0.00023520	0.00056496	0.36514791	1.33714041	0.63584433	0.65482588	0.62083867	0.58991972
1.16752130	1.17711259	3.06591634	3.23680132	0.04770326	0.19156227	0.00013074	0.00191153	0.00000207	0.00015599	3.50256389	7.06267557	0.00042485	0.00121337	0.45315226	1.66687653	0.91852179	0.92727353	0.89635772	0.90560828
1.14805358	1.13112121	2.58391917	2.55391329	0.04318822	0.12022245	0.00014725	0.00143303	0.00000363	0.00010605	4.59221432	5.65560604	0.00018208	0.00125192	0.43882044	1.49560798	0.71498024	0.69590748	0.70982048	0.67336888
1.07467514	1.06989593	4.43054469	4.30104003	0.08210038	0.23620696	0.00018623	0.00191579	0.00000429	0.00019434	13.97077686	8.55916742	0.00032611	0.00144878	0.46235112	1.67102602	1.13233828	1.14336642	1.11259618	1.11379411
1.12067773	1.11607675	3.83622387	3.13017995	0.08116696	0.17930082	0.00028945	0.00228641	0.00000646	0.00021935	7.84474412	5.58038376	0.00034641	0.00150466	0.59263649	2.05544621	0.92316930	0.89472091	0.88007865	0.84195876
1.16091547	1.14249119	7.14386564	6.78165900	0.17180867	0.46504593	0.00031091	0.00288443	0.00000995	0.00026717	12.77007017	10.28242071	0.00077584	0.00256218	0.62010937	2.15477752	1.90365681	1.92889095	1.75631936	1.89597284
1.03478582	1.04063076	2.04329697	2.18172611	0.02578708	0.09622863	0.00008168	0.00107720	0.00000241	0.00010579	10.34785816	6.24378456	0.00003082	0.00054859	0.24848357	1.15477270	0.43581769	0.57218430	0.39317080	0.53176208
1.03358427	1.03328629	2.30761090	1.86368068	0.03544433	0.10354885	0.00015821	0.00145058	0.00000536	0.00015387	7.23508992	6.19971772	0.00012429	0.00034958	0.37166775	1.08494234	0.46251293	0.42747601	0.42236541	0.40561559
1.19174267	1.17504272	8.27743191	7.13852473	0.10042716	0.22474416	0.00008052	0.00060387	0.00000217	0.00006316	32.17705208	15.27555531	0.00013019	0.00072538	0.30199583	0.94519077	2.09238734	1.95158181	1.94457507	1.85019973
1.07590814	1.08307902	5.33898557	5.40596809	0.05351832	0.18702583	0.00006317	0.00077381	0.00000082	0.00006127	9.68317323	7.58155311	0.00019343	0.00089134	0.30259776	1.14829150	1.42421017	1.54019427	1.39062816	1.52184710
1.10692949	1.10342087	1.52345167	2.05902985	0.01278555	0.06832624	0.00004504	0.00083019	0.00000078	0.00010568	4.42771798	5.51710436	0.00013713	0.00045506	0.25788359	1.14256136	0.40666106	0.52128888	0.39260418	0.47986147
1.05008092	1.05547327	3.67349749	2.94120251	0.07121631	0.12038250	0.00018550	0.00108204	0.00000449	0.00011620	11.55089013	6.33283961	0.00014685	0.00082986	0.38280628	1.30657220	0.81637470	0.80688809	0.79357729	0.77712667
1.02055805	1.01114237	1.81822583	1.48484034	0.01852133	0.05576707	0.00006230	0.00064399	0.00000207	0.00009893	8.16446443	7.07799658	0.00010501	0.00017206	0.27811950	0.72621422	0.45928611	0.34862503	0.42446735	0.29367809
1.07116483	1.07345579	2.31800785	2.40771842	0.02213832	0.07509544	0.00005229	0.00061989	0.00000134	0.00004516	8.56931865	4.29382315	0.00008279	0.00048334	0.26855078	0.99776592	0.63166953	0.67080694	0.60656369	0.63520283
1.04832260	1.05540994	3.77357370	3.72301644	0.03462830	0.12838500	0.00005151	0.00065779	0.00000105	0.00004676	11.53154857	10.55409938	0.00017847	0.00046730	0.28277836	0.96502608	1.05612624	1.04530174	1.03186751	1.03379870
1.02021859	1.01449118	2.23822721	2.37991462	0.01486215	0.06935321	0.00003020	0.00047021	0.00000091	0.00007090	7.14153010	9.13042066	0.00007784	0.00018504	0.21128600	0.74218488	0.57757554	0.60719702	0.56446492	0.57761529
1.07131638	1.07725887	4.59255741	5.19930489	0.05365973	0.21170415	0.00006658	0.00091617	0.00000193	0.00010635	11.78448014	15.08162420	0.00018265	0.00040599	0.29434339	1.05974987	1.31784767	1.35820742	1.27810237	1.29983249
1.06522061	1.05375027	2.87911056	2.56271083	0.01743812	0.05962856	0.00002633	0.00030654	0.00000046	0.00002752	9.58698546	10.53750271	0.00007846	0.00012174	0.19845240	0.61523043	0.73000787	0.66365287	0.70127348	0.64436701
1.04737051	1.04756689	5.48680219	3.88777848	0.06022993	0.10911952	0.00007790	0.00047243	0.00000297	0.00007007	25.13689229	15.71350331	0.00003387	0.00015172	0.25522096	0.74106557	1.09619012	0.94940352	1.04164663	0.91005113
1.10009944	1.09571409	3.05927763	2.89073402	0.02845592	0.08749002	0.00004889	0.00054216	0.00000109	0.00003640	7.70069611	5.47857043	0.00021949	0.00094253	0.25994786	0.92133471	0.84045469	0.82509551	0.83008787	0.81103183
1.04377830	1.05507584	5.88003396	6.19349692	0.09361240	0.18454694	0.00007947	0.00051709	0.00000329	0.00005896	24.00690082	23.21166859	0.00006148	0.00028264	0.20065344	0.81644369	1.31304526	1.61666369	1.27830436	1.54730400
1.03319472	1.03111340	5.17034077	4.63410606	0.05005907	0.13630033	0.00005827	0.00051412	0.00000196	0.00006989	21.69708907	16.49781438	0.00010751	0.00036507	0.24594888	0.84087015	1.17368771	1.23655889	1.12746323	1.18996457
1.12252694	1.09617245	1.85136141	1.43013569	0.02206131	0.05842023	0.00008224	0.00077226	0.00000224	0.00008132	10.10274244	4.38468982	0.00007248	0.00051663	0.30501630	0.98701305	0.45453885	0.41422874	0.41819805	0.40732840
1.15306267	1.16577400	4.39098951	3.47479731	0.04391158	0.09633069	0.00005831	0.00041255	0.00000262	0.00005138	21.90819078	17.48661005	0.00006380	0.00026010	0.25599653	0.68167984	1.07098763	0.88288725	1.02785359	0.85924822
1.12581706	1.12380756	5.35312430	5.13539663	0.05931167	0.18157612	0.00006076	0.00064826	0.00000158	0.00006109	19.13888998	16.85711336	0.00018988	0.00088733	0.27025568	0.91534790	1.46555591	1.42304112	1.43103969	1.34745860
1.07596969	1.07132295	4.89515244	4.48354962	0.05412777	0.16156367	0.00007673	0.00078909	0.00000202	0.00007383	16.13954530	10.71322955	0.00013760	0.00058596	0.32430219	1.07622210	1.27086638	1.22203779	1.21073495	1.16251647
1.08859847	1.07244400	2.69577966	2.88870025	0.02748168	0.11385304	0.00005821	0.00082618	0.00000180	0.00010648	9.79738623	10.72444000	0.00012132	0.00012541	0.24012895	0.81852470	0.62976214	0.62489124	0.55426359	0.56235807
1.03140407	1.02829273	4.37287159	3.54016218	0.04837304	0.09897025	0.00006748	0.00047518	0.00000238	0.00005409	18.56527323	11.31122002	0.00006220	0.00022016	0.25631951	0.79220374	1.02068641	0.91480850	1.00240272	0.89786618
1.12005516	1.11316771	4.82593365	4.37711031	0.06846063	0.18302139	0.00010892	0.00098539	0.00000358	0.00009347	14.56071706	13.35801249	0.00013799	0.00077463	0.35736878	1.12644448	1.24781689	1.15942541	1.19843826	1.11880840
1.00333592	1.00305514	0.68497165	0.58217185	0.00357898	0.01208169	0.00001783	0.00020176	0.00000075	0.00002854	5.01667958	3.00916542	0.00001121	0.00003134	0.13650172	0.34230656	0.15220359	0.11351918	0.11836022	0.09740030
1.06294284	1.06152687	2.53983618	2.16024038	0.02814457	0.07353932	0.00007536	0.00063501	0.00000273	0.00008937	12.75531408	8.49221493	0.00003428	0.00022653	0.24857892	0.82643709	0.51571234	0.53059864	0.46453231	0.47888877
1.10292763	1.09378910	2.46636911	2.48855525	0.02646776	0.06998746	0.00005291	0.00046508	0.00000148	0.00006223	12.13220397	10.93789100	0.00002415	0.00017159	0.19149793	0.72894844	0.53215097	0.60810783	0.48441272	0.53654963
1.00916214	1.00820474	1.18674868	2.08119101	0.00676425	0.05950341	0.00001623	0.00047591	0.00000043	0.00008064	9.08245927	13.10666161	0.00000379	0.00007719	0.11249229	0.67488142	0.26042936	0.46699161	0.23953555	0.42742232
1.02987331	1.02807922	1.62081815	1.28249244	0.01531499	0.02891285	0.00005639	0.00036667	0.00000125	0.00004570	6.17923984	4.11231688	0.00002476	0.00011077	0.20590872	0.65314832	0.31067393	0.28564822	0.27136615	0.24816240
1.00793621	1.00776766	3.77508459	2.44829967	0.03070031	0.03989491	0.00003702	0.00015464	0.00000123	0.00001289	21.16666051	12.09321197	0.00001386	0.00004095	0.15694861	0.36151770	0.72306745	0.51678194	0.60257141	0.45203017
1.07284335	1.06639231	5.12426625	4.85586655	0.05323063	0.16750980	0.00006459	0.00066965	0.00000244	0.00009047	18.23833693	15.99588459	0.00007229	0.00029301	0.26320464	0.90735519	1.20497990	1.25931444	1.17055454	1.22671786
1.01595054	1.01510162	1.56318557	1.47778711	0.01276703	0.03724917	0.00003788	0.00037662	0.00000131	0.00005834	9.14355483	7.10571134	0.00002479	0.00008670	0.20631245	0.63234463	0.38630462	0.34657397	0.35532245	0.30777194
1.07535597	1.07346547	2.36053746	2.38319865	0.01191141	0.03977201	0.00001545	0.00016439	0.00000050	0.00002223	13.97962765	16.10198208	0.00002272	0.00008206	0.13835185	0.47049106	0.59253109	0.63153546	0.56998190	0.59397544
1.02274252	1.02403346	2.75773195	3.42892958	0.02217904	0.10427603	0.00003484	0.00053774	0.00000116	0.00006822	10.22742524	16.38453539	0.00006856	0.00015699	0.21181661	0.80657760	0.74912524	0.86713658	0.71973996	0.82748314
1.00338224	1.00428482	1.41489531	1.18647439	0.01417522	0.04048617	0.00006227	0.00057513	0.00000360	0.00009696	7.02367571	6.02570894	0.00002920	0.00011068	0.24639204	0.67396821	0.31158034	0.26259687	0.24080943	0.22991908
1.02910291	1.02894671	5.63676640	5.42627337	0.09445581	0.23901386	0.00011416	0.00095015	0.00000457	0.00012001	17.49474954	17.49209409	0.00010492	0.00039884	0.28583416	0.97298399	1.31376754	1.35792832	1.25939078	1.29485242
1.00373401	1.00321685	1.88856998	1.66920416	0.01513788	0.03634004	0.00003439	0.00027400	0.00000070	0.00002851	12.04480816	12.03860219	0.00000793	0.00001887	0.12342637	0.41175965	0.30175555	0.30203772	0.24095284	0.24103652
1.00700270	1.01214388	4.60854083	3.19128289	0.03239462	0.06096651	0.00003076	0.00022022	0.00000092	0.00002687	27.18907290	15.18215816	0.00001422	0.00012753	0.15562238	0.53364984	0.91033311	0.81965843	0.88927457	0.76639816
1.13988004	1.12939917	2.43705664	2.56316800	0.02326431	0.10382849	0.00006603	0.00108254	0.00000117	0.00010363	5.69940018	9.03519335	0.00030958	0.00079553	0.34979109	1.32884603	0.68469099	0.70677895	0.67397376	0.69637352
1.14008752	1.13243320	5.96719000	5.89565059	0.10468211	0.35699297	0.00019013	0.00217273	0.00000399	0.00015642	9.12070017	7.92703237	0.00072425	0.00233467	0.58190338	1.93491233	1.77984601	1.76502385	1.72445099	1.72089171
1.14407970	1.15739707	8.62174981	8.38782420	0.12757162	0.43531412	0.00014697	0.00169460	0.00000283	0.00010720	12.58487665	12.73136777	0.00067670	0.00208641	0.52363433	1.74734885	2.52500163	2.49268949	2.48316426	2.43840823
1.00913959	1.01173822	0.40947249	0.77267214	0.00185838	0.02186687	0.00001090	0.00046469	0.00000026	0.00003663	2.01827918	4.04695288	0.00000000	0.00005868	0.13002089	0.65038742	0.12313674	0.16927368	0.12026384	0.15069583
1.03592367	1.03498178	0.87226087	0.98327397	0.00790679	0.05027899	0.00004817	0.00118842	0.00000140	0.00014033	1.03592367	3.10494533	0.00000000	0.00015814	0.27767901	1.07922014	0.25321400	0.25276829	0.24118475	0.24376634
1.13059721	1.13720957	11.39946906	10.34732115	0.14744316	0.40751429	0.00011066	0.00103037	0.00000271	0.00005809	21.48134697	12.50930530	0.00042237	0.00175988	0.43260814	1.43619179	3.20209404	3.15435937	3.11625715	3.11006138
1.19849281	1.18207618	7.21955548	5.53547781	0.13873585	0.30662055	0.00021677	0.00157765	0.00000891	0.00019804	13.18342088	11.82076180	0.00041937	0.00102232	0.53491680	1.40445784	1.90191220	1.51435072	1.79290279	1.48003900
1.03684208	1.03958594	2.44861210	2.66969109	0.01811821	0.06985636	0.00002882	0.00038152	0.00000065	0.00003556	10.36842079	8.31668752	0.00005781	0.00029455	0.18613536	0.66013146	0.65014725	0.67039669	0.61817785	0.60417674
1.13853928	1.11506376	1.68459449	1.83755033	0.01130176	0.06007711	0.00002818	0.00053864	0.00000050	0.00005544	4.55415712	4.46025505	0.00011643	0.00040923	0.21480119	0.78905970	0.47862792	0.48858497	0.47136880	0.47189347
1.13223295	1.14870555	5.62422529	6.10329036	0.08287915	0.30919890	0.00011087	0.00138105	0.00000207	0.00009275	15.85126124	11.48705546	0.00035870	0.00193145	0.37357157	1.34257111	1.55142221	1.66855679	1.49415490	1.60433583
1.11895120	1.10047133	2.76593878	2.76354351	0.04986828	0.12060444	0.00016036	0.00138723	0.00000391	0.00010191	3.35685359	3.30141399	0.00037338	0.00129259	0.47316414	1.68977787	0.81745662	0.81555804	0.79950040	0.79318166
1.05452328	1.05183530	3.42766678	3.66531744	0.02560076	0.10674348	0.00003554	0.00052471	0.00000127	0.00008552	21.09046562	17.88120003	0.00002807	0.00016779	0.18511974	0.78211431	0.74071906	0.88231906	0.67703553	0.83897213
1.12424449	1.12734770	4.71648223	4.22339319	0.02625864	0.06823170	0.00001673	0.00015242	0.00000046	0.00001800	24.73337874	20.29225863	0.00002455	0.00009941	0.13126782	0.44197836	1.14457010	1.09730348	1.11785855	1.08628431
1.05258773	1.05786085	6.46514832	5.62753524	0.06165184	0.18376760	0.00004998	0.00052741	0.00000150	0.00005503	24.20951785	16.92577357	0.00009637	0.00041630	0.24992890	0.80517542	1.71251361	1.55708985	1.64217336	1.47134053
1.05271429	1.05081279	1.68962246	2.07483015	0.01320890	0.07321374	0.00004034	0.00080671	0.00000107	0.00007455	6.31628573	9.45731507	0.00007635	0.00020982	0.23550992	1.04185525	0.42844460	0.52368670	0.37776401	0.48368116
1.03234751	1.03144972	3.81074518	3.06669126	0.03642014	0.07791947	0.00004957	0.00038200	0.00000128	0.00003685	14.45286515	12.37739659	0.00008283	0.00039112	0.22311524	0.74298070	0.91064787	0.84124971	0.87248820	0.82325755
1.03542153	1.03217691	3.82944197	2.48170529	0.02944947	0.04493698	0.00003383	0.00017277	0.00000113	0.00001651	16.56674453	13.41829989	0.00005319	0.00011440	0.18935795	0.46253982	0.91575711	0.66740188	0.90837771	0.65032330
1.09772849	1.09832533	2.37203591	1.55769085	0.03185657	0.05035063	0.00009981	0.00054770	0.00000342	0.00005932	9.87955640	5.49162664	0.00004654	0.00031794	0.28583914	0.79721578	0.50680394	0.40644011	0.42962134	0.38877899
1.00169334	1.00245644	0.76274257	1.15449205	0.00352125	0.03259543	0.00001218	0.00041842	0.00000048	0.00006758	7.01185336	7.01719508	0.00000880	0.00004054	0.10420391	0.48444632	0.16730039	0.20886376	0.14837424	0.15167067
1.01980097	1.02269678	2.23700567	2.19836090	0.01412724	0.04904911	0.00002355	0.00029081	0.00000089	0.00002866	12.23761167	11.24966457	0.00002126	0.00011731	0.14667051	0.55076830	0.48874180	0.51435067	0.41775738	0.48212320
1.03942398	1.03449597	2.87752152	2.98653037	0.03357791	0.07436672	0.00005513	0.00041100	0.00000213	0.00006186	15.59135966	16.55193552	0.00001734	0.00007886	0.17322976	0.64538087	0.58606734	0.64699347	0.52456296	0.53612739
1.00315702	1.00308133	0.61872596	0.77287933	0.00357322	0.01617082	0.00001589	0.00025385	0.00000081	0.00004253	4.01262809	5.01540663	0.00001135	0.00005401	0.11021728	0.48782790	0.13769125	0.17219398	0.13258369	0.14539696
1.02163792	1.02568197	3.41416787	3.64696648	0.03087919	0.14021699	0.00005255	0.00082498	0.00000148	0.00008315	8.17310334	10.25681967	0.00010116	0.00046586	0.27536522	1.04689039	0.89893870	0.98681306	0.87490574	0.95115188
1.00757831	1.01160566	1.54888462	2.26211272	0.01325501	0.10224618	0.00003966	0.00111305	0.00000087	0.00015386	6.04546986	7.08123964	0.00003817	0.00024474	0.19107126	0.96643287	0.35473183	0.49189130	0.31054026	0.44030164
1.26982351	1.28808590	4.08060897	4.28736562	0.04251561	0.15893562	0.00006102	0.00080382	0.00000181	0.00009316	17.77752911	18.03320260	0.00010741	0.00049030	0.26571338	1.02845493	1.02841604	1.12876474	1.01047201	1.09037748
1.04660811	1.04577678	3.76326770	3.04495916	0.02765973	0.06187843	0.00002850	0.00022080	0.00000079	0.00002926	17.79233779	16.73242853	0.00002742	0.00009143	0.14461745	0.48058630	0.77979983	0.74656885	0.74899930	0.72739886
1.00674579	1.00760214	1.89443077	2.63317806	0.00994446	0.08384661	0.00001972	0.00055886	0.00000074	0.00007821	17.11467835	15.11403213	0.00000658	0.00004389	0.12295961	0.61913871	0.34436015	0.51306751	0.26287295	0.37452259
1.01319439	1.00643344	1.57952175	2.00116064	0.00972030	0.04032387	0.00001593	0.00023876	0.00000050	0.00003269	10.13194393	14.09006813	0.00002645	0.00005310	0.11506264	0.46673016	0.38997293	0.43689658	0.38023764	0.39174938
1.08796132	1.08542709	5.04382304	5.17295152	0.08453336	0.28741982	0.00013344	0.00160569	0.00000350	0.00017405	10.87961321	10.85427091	0.00033675	0.00123502	0.39658645	1.46329594	1.39567828	1.45372763	1.34597817	1.40780118
1.55554038	1.58589395	4.41486640	4.24858309	0.08336169	0.23555765	0.00016571	0.00168075	0.00000567	0.00021283	13.99986338	14.27304551	0.00053402	0.00151228	0.43296734	1.43365294	1.21000018	1.11475319	1.18986039	1.09326043
1.19883689	1.21367536	6.41574545	5.67265485	0.09340326	0.25645350	0.00010362	0.00100834	0.00000250	0.00008612	17.98255334	13.35042895	0.00026772	0.00115163	0.34553296	1.18535234	1.73022860	1.67347707	1.63976484	1.64521222
1.27126609	1.29418272	14.37069197	14.77048902	0.30104753	1.13724504	0.00027219	0.00358620	0.00000883	0.00039818	19.06899129	16.82437538	0.00088793	0.00359786	0.65807862	2.42597108	4.04358076	4.27170384	3.97353180	4.21022787
1.01929909	1.02371863	1.09453310	1.59547473	0.00913620	0.06338123	0.00003868	0.00091867	0.00000137	0.00011323	5.09649546	6.14231176	0.00003644	0.00019233	0.18147765	0.87295434	0.23812576	0.33315078	0.20908524	0.27908312
1.00079895	1.00229599	0.22495101	0.57141084	0.00068603	0.01487736	0.00000519	0.00040085	0.00000017	0.00006975	3.00239685	4.00918396	0.00000497	0.00008175	0.08401201	0.65452527	0.06163572	0.13476287	0.05804534	0.11321980
1.04739883	1.05903735	3.31841020	3.91598937	0.03869918	0.16315102	0.00007557	0.00110554	0.00000287	0.00013400	10.47398827	8.47229882	0.00010318	0.00063829	0.30452305	1.20868117	0.86627463	0.98867097	0.85090416	0.95629813
1.25233974	1.27537753	7.40423776	7.44717030	0.11319584	0.35384239	0.00012041	0.00129884	0.00000194	0.00007328	13.77573713	12.75377530	0.00073866	0.00264328	0.41481086	1.48496802	2.16641609	2.24612739	2.14059814	2.22738710
1.04475450	1.03711435	0.99142885	1.22204374	0.01114841	0.07084564	0.00006182	0.00147172	0.00000109	0.00011493	4.17901801	5.18557173	0.00012630	0.00010708	0.28404753	1.01042439	0.28454808	0.26879415	0.27649081	0.26247245
1.10429912	1.10543281	1.59632444	1.95545383	0.01576347	0.10031776	0.00005544	0.00120539	0.00000083	0.00015784	6.62579475	5.52716406	0.00010561	0.00036817	0.28314426	0.99323009	0.44724775	0.45846008	0.43916712	0.42714184
1.08303463	1.08047935	5.38281520	4.29413468	0.05171677	0.12605225	0.00006206	0.00050319	0.00000154	0.00003372	15.16248476	10.80479353	0.00020808	0.00065280	0.30553406	0.86205579	1.41455057	1.19852032	1.31778607	1.16682522
1.19762653	1.19603752	5.14236998	5.08469679	0.07397402	0.27931164	0.00009768	0.00127322	0.00000198	0.00011019	14.37151837	13.15641269	0.00057298	0.00170148	0.34810875	1.17244783	1.46456705	1.42798024	1.41334843	1.37867585
1.24523578	1.25869101	8.19972097	8.19662271	0.18784148	0.56407779	0.00027679	0.00292507	0.00000839	0.00025211	12.45235779	12.58691005	0.00119863	0.00419642	0.60178302	2.19457400	2.26878645	2.34913527	2.21193396	2.28891813
1.16507807	1.15684113	7.19896443	6.97656169	0.12151766	0.35520363	0.00016376	0.00157606	0.00000329	0.00012050	13.98093680	12.72525246	0.00054210	0.00169934	0.48709602	1.63912680	2.00793342	2.05112252	1.91705813	2.01498413
1.14600428	1.15237692	3.91953051	4.62858668	0.06037786	0.26174800	0.00014922	0.00225536	0.00000339	0.00023239	8.02202996	6.91426152	0.00039700	0.00180597	0.47444316	1.87551844	1.06649093	1.20722872	1.05507314	1.13572266
1.09999054	1.09691246	5.88850112	5.50932904	0.05675720	0.18649370	0.00006486	0.00072303	0.00000201	0.00008404	18.69983916	18.64751186	0.00007965	0.00047067	0.28716681	1.02023571	1.39602666	1.45973144	1.30316007	1.39381247
1.06978703	1.06770332	2.96757907	2.72469509	0.02540501	0.08177574	0.00004768	0.00051649	0.00000164	0.00006082	13.90723134	13.88014314	0.00006629	0.00024564	0.26055587	0.71154932	0.77124660	0.62373039	0.72565242	0.57709473
1.08818222	1.08023499	7.09419129	7.49156986	0.13482309	0.38405134	0.00019284	0.00186295	0.00000509	0.00016633	11.97000442	12.96281990	0.00055319	0.00146885	0.54626624	1.88901772	2.12167569	2.16236212	2.08805523	2.10233601
1.00310107	1.00331279	1.09620354	0.98435312	0.00482712	0.01563278	0.00001108	0.00012634	0.00000039	0.00001378	7.02170749	6.01987676	0.00001258	0.00003984	0.10675195	0.35264009	0.25845021	0.24198689	0.22230331	0.21279942
1.00759754	1.00640838	3.15008111	2.55305937	0.03779152	0.08572523	0.00008644	0.00070518	0.00000402	0.00012662	11.08357297	10.06408383	0.00006023	0.00022218	0.31319072	0.97258119	0.76069489	0.65597663	0.70465491	0.60089755
1.07914603	1.08695886	4.42370703	4.83821134	0.03719790	0.15065818	0.00003789	0.00051191	0.00000095	0.00005454	17.26633656	16.30438297	0.00010711	0.00037052	0.21801031	0.81857688	1.18898517	1.33695849	1.12274591	1.25112277
1.03892862	1.03952425	3.26241411	4.23927822	0.04121897	0.17465760	0.00007731	0.00112618	0.00000278	0.00016690	10.38928623	9.35571825	0.00011444	0.00047840	0.30031217	1.22712798	0.88950566	1.05541463	0.85046999	1.03138943
1.00267319	1.00228662	1.29402866	1.40211687	0.00582581	0.02011343	0.00001105	0.00013125	0.00000046	0.00001995	10.02673192	12.02743944	0.00000561	0.00002177	0.08548365	0.35017122	0.25041328	0.29749639	0.19930176	0.24065301
1.14733789	1.15028505	4.91484326	3.04197992	0.05125233	0.07009745	0.00005735	0.00027258	0.00000154	0.00002690	20.65208197	13.80342064	0.00011493	0.00021557	0.22332312	0.56719372	1.10868940	0.80927882	1.07714031	0.79377018
1.01243997	1.01164521	2.63027790	1.85952588	0.02237720	0.05369575	0.00004930	0.00040256	0.00000153	0.00005249	14.17415952	11.12809736	0.00003051	0.00005358	0.20987250	0.56351264	0.52918983	0.41556798	0.44003515	0.37080883
1.01170567	1.00997208	1.32632574	1.65464766	0.00744752	0.03462995	0.00001853	0.00030548	0.00000054	0.00003366	10.11705673	8.07977666	0.00001940	0.00010024	0.14516778	0.59303869	0.32405448	0.37255191	0.28956956	0.33101550
1.02836745	1.02882670	3.24295323	3.78862052	0.03090035	0.12164392	0.00004541	0.00059350	0.00000146	0.00008050	12.34040945	19.54770739	0.00006542	0.00026072	0.21094070	0.82336629	0.79742578	0.93550655	0.76603006	0.91022134
1.00558227	1.00660499	1.88786508	2.38644953	0.01370164	0.08567289	0.00003381	0.00073729	0.00000153	0.00010208	11.06140497	13.08586492	0.00002725	0.00016483	0.20259790	0.87045485	0.45606107	0.55959895	0.38597631	0.49511379
1.01062042	1.01080612	1.42131875	1.47140805	0.00757796	0.02668606	0.00001773	0.00020786	0.00000032	0.00002760	8.08496339	8.08644892	0.00001427	0.00008232	0.11991322	0.49419183	0.28464871	0.35174186	0.22818681	0.30786335
1.02219064	1.02131615	1.73178188	1.68249531	0.01205620	0.03116630	0.00002339	0.00020413	0.00000087	0.00001900	8.17752515	6.12789693	0.00003882	0.00015622	0.15560854	0.53016727	0.44549111	0.44893460	0.41052250	0.42072579
1.00930165	1.00901976	4.21270956	3.34525160	0.03907079	0.06607415	0.00004255	0.00024154	0.00000152	0.00004001	21.19533466	22.19843477	0.00002177	0.00008780	0.16133298	0.55008118	0.82295931	0.83463063	0.77614073	0.81781162
1.15937710	1.16840490	7.20390847	8.44379063	0.10582204	0.38839682	0.00009494	0.00119015	0.00000314	0.00015214	18.55003356	23.36809790	0.00019133	0.00068969	0.32035903	1.25115586	1.98374911	2.26629691	1.87478722	2.12992150
1.03855511	1.03992991	2.66554900	2.59496016	0.03038537	0.10050858	0.00007736	0.00087021	0.00000200	0.00009198	9.34699598	9.35936916	0.00011488	0.00041620	0.32228329	1.07888494	0.70325017	0.69142592	0.67037256	0.67255194
1.14802077	1.14587236	5.04989798	4.05779728	0.04836445	0.10305126	0.00005383	0.00037617	0.00000180	0.00004833	25.25645688	18.33395782	0.00004834	0.00024070	0.22426697	0.70063447	1.11919379	1.06474009	1.09084960	1.04907102
1.00386783	1.00333102	1.90640587	1.67732295	0.01185929	0.02454469	0.00002025	0.00014160	0.00000075	0.00001597	11.04254611	9.02997921	0.00000988	0.00003363	0.12384724	0.34168608	0.40301100	0.32825340	0.33132594	0.28208832
1.02517761	1.02663986	2.68603666	3.35307167	0.02826140	0.12995483	0.00005881	0.00092147	0.00000267	0.00013467	13.32730888	12.31967832	0.00005069	0.00015755	0.25930202	0.90793531	0.69217234	0.70834066	0.66241090	0.67037114
1.06076324	1.06021319	4.63538622	4.11008368	0.05132488	0.11943936	0.00005456	0.00041526	0.00000219	0.00006961	20.15450157	18.02362416	0.00005782	0.00013733	0.19391079	0.63446464	1.01334965	1.01214349	0.95750327	0.99737629
1.00352925	1.00348240	2.33480603	1.70953296	0.01399599	0.02851192	0.00002328	0.00016227	0.00000057	0.00002126	12.04235103	10.03482405	0.00001839	0.00004701	0.13846047	0.41601740	0.46237110	0.40512405	0.39660280	0.36925952
1.02498388	1.02250103	2.93645851	2.90561159	0.02946569	0.08661452	0.00004605	0.00044679	0.00000160	0.00006904	14.34977431	18.40501858	0.00002898	0.00008971	0.16951603	0.55533176	0.60249944	0.59560820	0.53653908	0.51202182
1.00912244	1.00990291	2.38019421	2.46765892	0.02398660	0.09536839	0.00006258	0.00084426	0.00000188	0.00012570	11.10034684	12.11883496	0.00001750	0.00007146	0.22201327	0.81920624	0.47269940	0.51196734	0.39075219	0.42349316
1.00568818	1.00456870	3.19142903	2.02626084	0.02885986	0.03786833	0.00004779	0.00020324	0.00000185	0.00002654	18.10238729	13.05939307	0.00001944	0.00006249	0.18845713	0.44441311	0.63225938	0.45906971	0.52959048	0.39648031
1.00795501	1.01368821	2.00710929	2.47673582	0.01427005	0.06404553	0.00002411	0.00034509	0.00000120	0.00003484	16.12728022	13.17794669	0.00001453	0.00009190	0.11768228	0.51070177	0.38688542	0.52369734	0.30780598	0.47938987
1.10685325	1.10887185	4.79825007	4.64334216	0.07251388	0.18085081	0.00009911	0.00082531	0.00000286	0.00007429	14.38909229	9.97984665	0.00019351	0.00080898	0.33235921	1.12163275	1.35087669	1.36481642	1.29990987	1.32284930
1.02093639	1.02283111	2.28104332	3.54941202	0.03228687	0.24195079	0.00009394	0.00240991	0.00000367	0.00035868	8.16749109	9.20547999	0.00008338	0.00044259	0.30023971	1.47215455	0.57321529	0.81780335	0.55476411	0.71148008
1.07669305	1.09237384	5.29288689	6.14481936	0.08561399	0.39797660	0.00016591	0.00267146	0.00000422	0.00029638	6.46015831	6.55424306	0.00040908	0.00180706	0.54481740	2.12555898	1.56186832	1.75777773	1.50638142	1.67398103
1.01727135	1.01967835	5.38693174	4.74537734	0.04676672	0.12617502	0.00004800	0.00043921	0.00000168	0.00005288	19.32815565	14.27549687	0.00006411	0.00023644	0.24117542	0.75343307	1.30547172	1.20121055	1.22266272	1.14531632
1.00583764	1.00791956	1.51736350	2.25542607	0.01021862	0.06644263	0.00002288	0.00049201	0.00000102	0.00009295	9.05253874	12.09503472	0.00002584	0.00010664	0.14639453	0.67143872	0.36313866	0.50217771	0.33705318	0.43640725
1.01322115	1.01625596	2.28731486	2.08168358	0.01845224	0.04693908	0.00003021	0.00026174	0.00000062	0.00003627	14.18509608	13.21132754	0.00000990	0.00005380	0.12641176	0.49411764	0.42886803	0.49127588	0.34916530	0.40383226
1.04542676	1.04940275	4.18927839	4.13499349	0.04820449	0.23718478	0.00008394	0.00142790	0.00000273	0.00016095	9.40884081	9.44462478	0.00016215	0.00055745	0.35481077	1.22129092	1.13200026	1.12510550	1.08948170	1.09906742
1.08099989	1.08240603	5.62615714	4.14380011	0.05491316	0.09107377	0.00004903	0.00027477	0.00000127	0.00003822	30.26799699	21.64812056	0.00002977	0.00017190	0.18678687	0.58084418	1.16195049	1.06820196	1.08452468	1.04544241
1.05010642	1.05685322	2.74605089	2.48185107	0.02609621	0.07585520	0.00005464	0.00054365	0.00000192	0.00007048	11.55117062	9.51167895	0.00009661	0.00025874	0.26733992	0.78904259	0.70933303	0.61069402	0.65301852	0.55734164
1.02115577	1.02291625	6.98829803	5.25023244	0.11582260	0.23423622	0.00016933	0.00118515	0.00000542	0.00018105	21.44427111	16.36666007	0.00011829	0.00052845	0.36849987	1.21909352	1.40007355	1.33579787	1.29319845	1.27385267
1.01045117	1.00578621	3.32797865	1.58962827	0.06147371	0.03817363	0.00015635	0.00031136	0.00000511	0.00003205	11.11496291	9.05207587	0.00008726	0.00008131	0.30648891	0.53456077	0.66935879	0.36286473	0.53723669	0.30868797
1.07453003	1.07655212	5.33233546	5.02090768	0.06006908	0.19408982	0.00008283	0.00090409	0.00000356	0.00013224	18.26701053	15.07172962	0.00009828	0.00040055	0.33510637	1.13366372	1.35010789	1.35079051	1.25172395	1.29128706
1.01443351	1.01644317	2.50990072	2.33037579	0.01732214	0.05689918	0.00002895	0.00031668	0.00000090	0.00003704	11.15876858	9.14798852	0.00003425	0.00015261	0.18138462	0.64914654	0.60290314	0.64668818	0.55774694	0.61826706
1.07940983	1.08480832	5.82649516	5.02876753	0.07197522	0.18693384	0.00009214	0.00080160	0.00000337	0.00008472	16.19114750	11.93289153	0.00015971	0.00053056	0.33958384	1.07399968	1.47356431	1.39074063	1.39731834	1.32633081
1.01245440	1.01272972	2.04704984	2.29385126	0.00970579	0.04289439	0.00001205	0.00017769	0.00000037	0.00002405	13.16190721	14.17821611	0.00001153	0.00004388	0.09879166	0.37764497	0.44220544	0.50569677	0.37638535	0.38406190
1.02970007	1.03176441	2.95558768	3.46583337	0.03485266	0.10505213	0.00005164	0.00051259	0.00000182	0.00005825	10.29700069	10.31764414	0.00007047	0.00033918	0.22278171	0.83096572	0.83521379	0.94514560	0.81837441	0.92266849
1.01795125	1.02159243	2.90234594	3.35258775	0.02364372	0.13786495	0.00003773	0.00074995	0.00000117	0.00010285	12.21541494	13.28070163	0.00007351	0.00018006	0.22649093	0.80610561	0.78848718	0.82205320	0.77026486	0.79493724
1.07062365	1.07275635	6.88897985	6.78702447	0.14079275	0.45127375	0.00025291	0.00266507	0.00001094	0.00039159	11.77686018	11.80031982	0.00033486	0.00110432	0.57527065	1.96967568	1.77905129	1.85129978	1.66894914	1.72972983
1.07780438	1.08836477	4.59464706	4.98760875	0.08215158	0.31248191	0.00020507	0.00255280	0.00000601	0.00025311	8.62243508	6.53018861	0.00038608	0.00166196	0.58719456	2.11253468	1.30677806	1.43524724	1.28870126	1.39424535
1.09234922	1.09991268	5.97147185	5.99866743	0.05532721	0.20756498	0.00005532	0.00068030	0.00000196	0.00008238	19.66228590	19.79842830	0.00011270	0.00042334	0.28905159	0.98309220	1.60609122	1.66494563	1.49204599	1.53676203
1.06008418	1.05995646	1.93498429	1.55004679	0.01761123	0.03514320	0.00004607	0.00030999	0.00000148	0.00003766	8.48067348	8.47965169	0.00004496	0.00015324	0.24017510	0.61603806	0.50999101	0.38726477	0.47191711	0.36007574
1.14675770	1.15195561	4.21390758	5.86615007	0.07657190	0.40656313	0.00016353	0.00284556	0.00000509	0.00038537	10.32081928	10.36760051	0.00033473	0.00152149	0.45228373	1.94800822	1.17647707	1.54405767	1.14659921	1.41840703
1.08561472	1.09406924	3.20035514	3.07818723	0.04062357	0.17580848	0.00009442	0.00140007	0.00000408	0.00021349	10.85614724	13.12883089	0.00012927	0.00050825	0.32991111	1.15400236	0.78856178	0.80404568	0.75961625	0.77219405
1.02076034	1.02616638	2.14948799	3.21584069	0.01767452	0.12570404	0.00003621	0.00087282	0.00000103	0.00014027	10.20760344	12.31399653	0.00006280	0.00025941	0.21086447	0.95930843	0.57177647	0.76606109	0.53699064	0.68879315
1.00821171	1.00787463	2.14507488	2.79457437	0.01216402	0.06868126	0.00002168	0.00039191	0.00000081	0.00006220	13.10675227	15.11811951	0.00002121	0.00008471	0.16925508	0.62127882	0.52761303	0.60218016	0.48764030	0.50797433
1.02332433	1.02115767	2.19686195	2.14355920	0.01873127	0.07400364	0.00005053	0.00068422	0.00000147	0.00009487	10.23324327	8.16926136	0.00004808	0.00021424	0.23930332	0.89804050	0.49277785	0.53801819	0.47094880	0.50777446
1.00550514	1.00508373	2.21980054	2.31330992	0.01730185	0.05974237	0.00003083	0.00034929	0.00000078	0.00005656	14.07707192	15.07625589	0.00000583	0.00004175	0.13558879	0.53616955	0.42257773	0.50730106	0.37866837	0.47274506
1.00540845	1.00723020	1.17705780	1.88815386	0.00948380	0.06142301	0.00003013	0.00065488	0.00000078	0.00007764	5.02704227	8.05784162	0.00002235	0.00010280	0.16116132	0.74126524	0.28180481	0.38414079	0.26144771	0.34492989
1.19883169	1.21676584	10.53928094	8.89904218	0.24750197	0.52265981	0.00024708	0.00170943	0.00001290	0.00028718	28.77196062	24.33531671	0.00011749	0.00084539	0.44374260	1.40773810	2.46930414	2.38875087	2.29414023	2.23133159
1.04021687	1.04019289	5.28522551	3.38032272	0.05119661	0.07370775	0.00005290	0.00024892	0.00000205	0.00003513	26.00542178	19.76366500	0.00003402	0.00010523	0.20747388	0.52314799	1.11545702	0.85877667	1.05252863	0.81935510
1.12183928	1.12578145	8.39573457	7.24669412	0.16394026	0.42939407	0.00024788	0.00211162	0.00001090	0.00027159	16.82758917	16.88672173	0.00049754	0.00163148	0.59703737	1.75357569	2.19359505	1.97949084	2.08622125	1.85639358
1.05865612	1.06876263	3.87351310	4.33748138	0.05535853	0.22288529	0.00010272	0.00137711	0.00000355	0.00016772	11.64521734	10.68762631	0.00011599	0.00066329	0.35141919	1.32511131	1.05217806	1.19038846	1.02092634	1.15499404
1.09919335	1.09608894	2.45321657	2.86254138	0.03497458	0.10701643	0.00007533	0.00079440	0.00000283	0.00010068	10.99193354	10.96088943	0.00012695	0.00051504	0.23722608	0.96993594	0.61184204	0.72497739	0.58991799	0.69575554
1.02283793	1.02371636	2.80901301	3.60930082	0.02020124	0.11258703	0.00003264	0.00063717	0.00000129	0.00008175	16.36540687	17.40317811	0.00002641	0.00018184	0.17562136	0.83072010	0.60376123	0.81201739	0.54140559	0.75496218
1.04130812	1.04054057	3.67919286	3.19830091	0.04462653	0.10877526	0.00009542	0.00077646	0.00000339	0.00012384	13.53700561	10.40540573	0.00008791	0.00028983	0.30492043	0.97976397	0.79215950	0.76051387	0.72800619	0.72461202
1.02475741	1.03127886	2.52170723	2.59589939	0.02712732	0.09200655	0.00006463	0.00076778	0.00000228	0.00007345	7.17330184	10.31278859	0.00007349	0.00036067	0.27643225	1.06495531	0.64459954	0.70791025	0.59840820	0.65351217
1.07454163	1.06868647	3.82952355	3.60863755	0.04376119	0.11759602	0.00006647	0.00062280	0.00000129	0.00005313	13.96904125	9.61817823	0.00011506	0.00059540	0.25888101	0.93704967	0.94683222	0.98127430	0.93459811	0.96238288
1.00577654	1.00589501	3.98034319	3.10936103	0.03715213	0.07342814	0.00004587	0.00031771	0.00000163	0.00004714	23.13286048	16.09432009	0.00001841	0.00007838	0.17643779	0.57105511	0.79382451	0.73088198	0.68423790	0.67688377
1.01340349	1.01531944	3.47442533	2.88973332	0.02646541	0.05168331	0.00002974	0.00020025	0.00000078	0.00001761	16.21445577	13.19915268	0.00003151	0.00012407	0.14752596	0.53348982	0.72938202	0.76380744	0.66886970	0.74024555
1.01285148	1.01319883	2.36576599	2.86142422	0.01560944	0.06598833	0.00002352	0.00033478	0.00000089	0.00005575	16.20562368	15.19798241	0.00001680	0.00010459	0.14000221	0.61851737	0.51607005	0.67572933	0.46564766	0.63814174
1.03787946	1.04090208	2.35937125	2.49288972	0.03257979	0.12901024	0.00010300	0.00140305	0.00000355	0.00018315	7.26515622	8.32721663	0.00015893	0.00047297	0.35620625	1.29825183	0.62591486	0.66217342	0.59244312	0.58610407
1.10218531	1.09718086	4.37549318	4.07381188	0.06518984	0.19736823	0.00013430	0.00138577	0.00000314	0.00011233	8.81748250	8.77744686	0.00037388	0.00143148	0.44454967	1.46790028	1.19881011	1.16106392	1.17377175	1.14147027
1.05191692	1.05416291	5.09393987	3.99992233	0.08638143	0.17540571	0.00015958	0.00107526	0.00000362	0.00012815	13.67491998	11.59579206	0.00016581	0.00058182	0.37242402	1.13637647	1.11977911	1.02807620	1.07421203	0.99479365
1.09102239	1.09645933	6.67854480	5.75206825	0.13401734	0.36047362	0.00025373	0.00232693	0.00000998	0.00026930	12.00124631	15.35043062	0.00052665	0.00105369	0.58901805	1.79748679	1.72835912	1.54471724	1.61349787	1.49015711
1.12011275	1.13363449	5.28984238	4.96240641	0.07169177	0.29022784	0.00011835	0.00231140	0.00000449	0.00030954	12.32124020	13.60361384	0.00015593	0.00085831	0.38718917	1.74765393	1.30297035	1.21631270	1.20070833	1.13782399
1.08760415	1.08679054	5.80049298	5.18699806	0.16424334	0.40943145	0.00041450	0.00353275	0.00001879	0.00040579	8.70083319	8.69432435	0.00045001	0.00159088	0.70262828	2.22463143	1.54667367	1.43011693	1.44783537	1.36240681
1.02515745	1.02854551	1.80281532	2.14901254	0.01736152	0.11120941	0.00006285	0.00139707	0.00000191	0.00015904	5.12578727	4.11418204	0.00012126	0.00054031	0.33031182	1.35146565	0.50688278	0.59681007	0.45808911	0.55054768
1.04576817	1.04315741	3.78417380	3.22487778	0.05222041	0.14785155	0.00011558	0.00115970	0.00000504	0.00018212	12.54921807	10.43157410	0.00012152	0.00046076	0.35541467	1.12647540	0.89203852	0.79645179	0.85896410	0.75987299
1.02502284	1.02783072	2.04496141	1.82591314	0.01356600	0.04321863	0.00003116	0.00035051	0.00000066	0.00002679	9.22520559	5.13915361	0.00005761	0.00030471	0.22259465	0.77043146	0.53840827	0.52718555	0.48845390	0.50619361
1.03186363	1.03531238	1.58616075	1.80255379	0.02452611	0.07187513	0.00009914	0.00103539	0.00000317	0.00009171	4.12745451	4.14124953	0.00018071	0.00068609	0.30554774	1.22704086	0.41993414	0.47284069	0.38875388	0.43558463
1.00544380	1.00573274	1.48674216	1.92443683	0.00629914	0.03525892	0.00001066	0.00020800	0.00000014	0.00002233	10.05443797	13.07452563	0.00000513	0.00003599	0.09077659	0.40954088	0.29789522	0.38474039	0.26972604	0.31611645
1.01596529	1.01778267	1.79335876	1.53350012	0.01583049	0.07904814	0.00005243	0.00090763	0.00000204	0.00009513	7.11175704	5.08891335	0.00004028	0.00006500	0.25835986	0.62340075	0.43339674	0.30017647	0.36545307	0.24636488
1.21505629	1.21546007	4.67832452	4.33732111	0.05476100	0.16229604	0.00007789	0.00078709	0.00000334	0.00009931	14.58067546	14.58552086	0.00011759	0.00052143	0.31054111	1.02301029	1.21286746	1.17037545	1.16904000	1.15358710
1.06878077	1.07144856	5.66561423	5.27401770	0.09005284	0.24245606	0.00011773	0.00110779	0.00000299	0.00009122	17.10049224	13.92883124	0.00014240	0.00077207	0.35266676	1.22016051	1.49864089	1.48214676	1.46427317	1.42780493
1.07260139	1.06983448	10.27130848	9.19721724	0.22852200	0.61335929	0.00026527	0.00255248	0.00000941	0.00031848	23.59723050	17.11735164	0.00050337	0.00175597	0.55032986	1.89750337	2.63370760	2.53074175	2.49733654	2.37351915
1.09736556	1.08742884	4.76722063	3.32054795	0.08824689	0.15176856	0.00018929	0.00117385	0.00000662	0.00010571	15.36311784	7.61200188	0.00009322	0.00076621	0.39348059	1.22938003	1.01904350	0.88202559	1.01124552	0.81377685
1.25905590	1.25728205	4.77062180	3.76952669	0.04527263	0.10495710	0.00005836	0.00046331	0.00000211	0.00003338	18.88583849	7.54369231	0.00021764	0.00091856	0.29396632	0.89192448	1.26684500	1.12173535	1.23526665	1.11450694
1.13343349	1.15112888	3.20547670	3.69734882	0.03631643	0.19190929	0.00006867	0.00127479	0.00000152	0.00016411	6.80060096	14.96467547	0.00022063	0.00093129	0.31552431	1.22640610	0.92704387	1.02455721	0.91430451	0.97772753
1.24826706	1.21411627	6.30625506	6.09661885	0.16669923	0.50704681	0.00045931	0.00426579	0.00001482	0.00041507	6.24133529	7.28469761	0.00152887	0.00417319	0.91536536	2.72402478	1.84561057	1.79759266	1.80945302	1.72783278
1.03615517	1.03174689	4.04003287	3.67842669	0.06740280	0.27471947	0.00018492	0.00274210	0.00000838	0.00039971	9.32539653	8.25397510	0.00020240	0.00073427	0.49426272	1.44948048	1.00084631	0.80432501	0.96789785	0.73702444
1.02624356	1.02320660	4.12187420	3.19940435	0.04400547	0.12908997	0.00007734	0.00080659	0.00000326	0.00010810	18.47238408	12.27847915	0.00002943	0.00012083	0.25212673	0.81833239	0.79684761	0.72447387	0.70477740	0.63111559
1.00944619	1.00952830	1.25665418	1.59671394	0.00544389	0.03729321	0.00001352	0.00032926	0.00000036	0.00004476	5.04723093	9.08575473	0.00003843	0.00009608	0.15391933	0.61268176	0.34433780	0.38462821	0.32710750	0.33147105
1.02085565	1.01868598	2.42864624	2.60798846	0.01952927	0.06836116	0.00002931	0.00036087	0.00000076	0.00004926	12.25026779	14.26160366	0.00004253	0.00011253	0.17218853	0.57105657	0.63731570	0.59975409	0.60051343	0.55493317
1.01645595	1.01491184	1.83043451	1.54051441	0.01308637	0.03581185	0.00003229	0.00031042	0.00000095	0.00003913	8.13164759	5.07455918	0.00002918	0.00013907	0.20046791	0.61204380	0.45127160	0.39169935	0.40077099	0.36573936
1.10088042	1.09475425	3.87491988	2.58976172	0.03208863	0.04213005	0.00003273	0.00014933	0.00000098	0.00001638	19.81584759	15.32655944	0.00002085	0.00006160	0.14861360	0.37405514	0.80933297	0.58463748	0.78597270	0.54440882
1.02615531	1.02504938	1.48547765	1.62548900	0.00595757	0.02937246	0.00001111	0.00019545	0.00000028	0.00001750	8.20924249	7.17534564	0.00002409	0.00013626	0.12828728	0.52973775	0.38214497	0.44193139	0.33674354	0.40107946
1.06282891	1.06653881	1.70022720	2.25695328	0.00801507	0.04378421	0.00001276	0.00024373	0.00000028	0.00002728	10.62828907	11.73192691	0.00006002	0.00019750	0.12607725	0.54008097	0.43997393	0.53797650	0.38611744	0.45988846
1.00893135	1.01002070	1.44711764	1.80848607	0.01272689	0.07053977	0.00003535	0.00069598	0.00000130	0.00009929	8.07145081	10.10020700	0.00001862	0.00004091	0.17822193	0.72527053	0.35643490	0.40621711	0.31462291	0.31652079
1.00584339	1.00504061	1.88652264	1.39586341	0.01127992	0.02183725	0.00002113	0.00014211	0.00000054	0.00001591	12.07012065	8.04032491	0.00001198	0.00005475	0.13029679	0.42936218	0.38640543	0.36578035	0.34846835	0.33368432
1.00804690	1.01082181	1.30346810	1.70941488	0.00925707	0.06238992	0.00002747	0.00064862	0.00000083	0.00007895	9.07242214	9.09739626	0.00001224	0.00013503	0.14548698	0.70184054	0.27233825	0.37324183	0.24960748	0.32250226
1.06200620	1.06119519	5.92677306	4.49640148	0.08930315	0.16563615	0.00012347	0.00081200	0.00000547	0.00010656	16.99209928	14.85673262	0.00014933	0.00050469	0.35900137	1.07897850	1.44250699	1.22175901	1.32161919	1.17727783
1.02818793	1.02766731	5.10684986	4.91636444	0.07522534	0.19554371	0.00008943	0.00083030	0.00000280	0.00008490	16.45100691	15.41500962	0.00014374	0.00046975	0.28485311	1.03334131	1.33107342	1.35086511	1.27606575	1.28959812
1.01409208	1.01190268	6.94887700	4.81209893	0.10375506	0.16092308	0.00012211	0.00065913	0.00000478	0.00010205	24.33820987	15.17854025	0.00005935	0.00021854	0.32099384	0.92101533	1.51503999	1.24698705	1.29770275	1.16420311
1.01144842	1.00982754	1.63491747	2.10189109	0.00841899	0.04749190	0.00001778	0.00036004	0.00000078	0.00006297	10.11448418	13.12775804	0.00001153	0.00007728	0.13136254	0.62380468	0.34545885	0.45551081	0.28574051	0.37572690
1.04604278	1.04686387	3.51279115	3.85369368	0.03318580	0.13275533	0.00005302	0.00074570	0.00000196	0.00008430	10.46042783	15.70295799	0.00007970	0.00031752	0.26196391	0.94396641	0.91088800	0.93137480	0.84343621	0.81847178
1.02614139	1.02521337	3.18185452	2.83564112	0.02200202	0.06083034	0.00002716	0.00026561	0.00000081	0.00003113	16.41826229	15.37820058	0.00003570	0.00010606	0.15383155	0.53899753	0.69236784	0.68463420	0.59773734	0.60794600
1.02331222	1.02041058	3.94035173	3.11161961	0.05072608	0.11599813	0.00009124	0.00074604	0.00000314	0.00010006	13.30305889	10.20410578	0.00009548	0.00028409	0.29830145	0.92017681	0.92124158	0.79341095	0.89540419	0.76066111
1.01142265	1.01120071	3.46022045	3.53223436	0.03232410	0.09541602	0.00004062	0.00041754	0.00000125	0.00005688	18.20560775	17.19041206	0.00001277	0.00010067	0.14984207	0.61218783	0.66230511	0.77497730	0.58973192	0.64981427
1.01252147	1.01307021	1.97819860	1.58416013	0.01544351	0.03143401	0.00003377	0.00024638	0.00000131	0.00003207	12.15025759	9.11763188	0.00002554	0.00009944	0.17760682	0.58719533	0.45116914	0.41539646	0.37982210	0.36823807
1.00296518	1.00383431	0.84836058	1.49685584	0.00544127	0.05654293	0.00002029	0.00076179	0.00000088	0.00008051	6.01779108	9.03450878	0.00001849	0.00001174	0.14197581	0.65437770	0.21156705	0.26808594	0.19570087	0.20991075
1.00378206	1.00473312	4.07261963	2.55549550	0.03900312	0.05384981	0.00005098	0.00024541	0.00000119	0.00003069	21.07942331	13.06153058	0.00001743	0.00006203	0.16618388	0.49607555	0.70623470	0.60324631	0.65586810	0.56579811
1.01766485	1.01777293	1.63811076	1.56858251	0.01408632	0.04144428	0.00003885	0.00041464	0.00000146	0.00004209	7.12365394	7.12441049	0.00004616	0.00011104	0.20004739	0.68230245	0.40295747	0.37690204	0.36977823	0.31767799
1.05833676	1.06224658	3.97235540	3.71170900	0.05216885	0.15982657	0.00010226	0.00106243	0.00000385	0.00014633	9.52503082	9.56021926	0.00010497	0.00042938	0.34650720	1.13081589	0.98198259	0.94333552	0.90186890	0.88584822
1.00315368	1.00441044	2.16217946	2.22602025	0.01399322	0.07164808	0.00002607	0.00045251	0.00000140	0.00007903	18.05676629	12.05292524	0.00001255	0.00006728	0.14862953	0.59059971	0.44308424	0.51765937	0.33953317	0.45935037
1.09060003	1.08968057	2.28351609	2.54083888	0.01356589	0.06478839	0.00002401	0.00040977	0.00000076	0.00006867	9.81540031	10.89680572	0.00004094	0.00020159	0.17402588	0.70232287	0.54613342	0.61555536	0.49115990	0.54095779
1.03595550	1.04055499	2.05646245	2.32163126	0.01421496	0.06812209	0.00002672	0.00043762	0.00000057	0.00005190	9.32359950	10.40554993	0.00006264	0.00009961	0.17925469	0.66611302	0.52968277	0.57522898	0.50226420	0.54963058
1.00889157	1.00602790	1.44298322	1.40991611	0.00911077	0.02397603	0.00002017	0.00020031	0.00000065	0.00002808	9.08002412	10.06027903	0.00000847	0.00005875	0.11418089	0.48169053	0.28646038	0.31948507	0.24243201	0.27210947
1.04836168	1.05187331	6.16823651	4.95604328	0.09532266	0.22547994	0.00012503	0.00106342	0.00000429	0.00012629	16.77378688	15.77809964	0.00013026	0.00053640	0.35137476	1.16013365	1.48819924	1.36430769	1.35513225	1.33045527
1.03785744	1.04382917	4.45450681	5.21125474	0.04637550	0.25099150	0.00006831	0.00125356	0.00000272	0.00018777	14.53000419	17.74509590	0.00009088	0.00035011	0.30693784	1.16712268	1.15754165	1.29510362	1.11215073	1.22317973
1.03335847	1.03431747	4.47663939	3.54150121	0.04088016	0.07807694	0.00004488	0.00029287	0.00000159	0.00003395	17.56709399	16.54907956	0.00004074	0.00019754	0.19235567	0.60350810	0.97322015	0.89129395	0.95136809	0.87038588
1.12547276	1.13670215	3.14229142	3.72147639	0.03802456	0.15415045	0.00007469	0.00103584	0.00000382	0.00015525	12.38020039	12.50372367	0.00009785	0.00031625	0.28564636	1.06618630	0.80786138	0.87867932	0.78807098	0.85666388
1.00462068	1.00539546	0.89416404	1.95849807	0.00653321	0.07952013	0.00002154	0.00091996	0.00000053	0.00009282	9.04158614	11.05935007	0.00000423	0.00004722	0.12022294	0.68277096	0.20259924	0.32635821	0.19644691	0.25873202
1.08098551	1.07961978	3.32535454	2.85399063	0.02328278	0.05796545	0.00002824	0.00024074	0.00000077	0.00003481	17.29576822	19.43315597	0.00001692	0.00008963	0.13893677	0.51751896	0.63637958	0.69087907	0.57362108	0.61564194
1.28558719	1.29523238	9.52656699	8.18288945	0.19438283	0.55051931	0.00023030	0.00230984	0.00000793	0.00027328	19.28380782	16.83802094	0.00056000	0.00177189	0.53031621	1.79069452	2.48657750	2.36907636	2.39767377	2.31721344
1.20792625	1.20512280	6.30283044	5.45887685	0.04913295	0.13133858	0.00003210	0.00030176	0.00000110	0.00004767	32.61400876	31.33319273	0.00002272	0.00012342	0.15826644	0.58397274	1.34558311	1.41046617	1.26780391	1.34471321
1.03829103	1.04250493	4.93197811	4.01571880	0.06365632	0.13187647	0.00008430	0.00063018	0.00000232	0.00008140	19.72752955	13.55256415	0.00005721	0.00028779	0.27439722	0.89683246	1.15093801	1.04037636	1.09885167	1.01663672
1.02764569	1.02834182	3.83726822	4.27014867	0.03936290	0.17182545	0.00007094	0.00112634	0.00000221	0.00013709	13.35939391	14.39678550	0.00008754	0.00044442	0.28352536	1.21927971	0.87390403	1.03058703	0.84998171	0.99713917
1.01169237	1.00914187	2.07073662	1.22295656	0.01692000	0.02446005	0.00004072	0.00020788	0.00000091	0.00002442	11.12861607	7.06399306	0.00001752	0.00003272	0.17390309	0.40942465	0.40144909	0.26712979	0.31568159	0.23034462
1.01164243	1.00963620	2.12002565	1.66667057	0.01258991	0.03215357	0.00002185	0.00019420	0.00000063	0.00001768	13.15135160	11.10599821	0.00002318	0.00005038	0.13400856	0.37985267	0.42885590	0.34833249	0.34511205	0.29331931
1.08355926	1.09510553	3.79185400	3.35479526	0.04466187	0.10620842	0.00006982	0.00057038	0.00000176	0.00007126	17.33694818	15.33147742	0.00003472	0.00026706	0.20932086	0.85887527	0.74380943	0.88695008	0.72260976	0.83206068
1.10136757	1.11012068	6.12882367	6.20431553	0.10632025	0.31185182	0.00014591	0.00147324	0.00000423	0.00016261	23.12871907	14.43156879	0.00019726	0.00099749	0.36794914	1.39202605	1.48938405	1.63570231	1.41491353	1.55953612
1.00679609	1.00834668	0.75928858	1.09160269	0.00551317	0.03338635	0.00002056	0.00044599	0.00000053	0.00003735	3.02038827	4.03338671	0.00002255	0.00009105	0.12157690	0.58225552	0.18110797	0.24135567	0.17021415	0.22084694
1.01573068	1.01543606	3.47919205	3.24040447	0.04015977	0.09719800	0.00007481	0.00060486	0.00000236	0.00006980	12.18876810	9.13892454	0.00009423	0.00029657	0.30271763	0.95050411	0.90271446	0.84773362	0.85410183	0.78678913
1.05094569	1.05456045	7.19677666	7.22896342	0.11414045	0.40223346	0.00016082	0.00196743	0.00000608	0.00025392	16.81513097	13.70928586	0.00025276	0.00113365	0.47398936	1.77020318	1.86885388	2.00938068	1.68872809	1.87346529
1.08997481	1.09400015	7.16481216	6.74064250	0.19435308	0.60701546	0.00034343	0.00379824	0.00001353	0.00054866	9.80977332	8.75200123	0.00039311	0.00135637	0.62294939	2.06449766	1.95845926	1.83110034	1.83994411	1.76945672
1.11568968	1.12290796	6.16015521	6.01288212	0.12240093	0.41959502	0.00025978	0.00313109	0.00000878	0.00036751	8.92551746	8.98326368	0.00050613	0.00194496	0.64041174	2.20875053	1.67633514	1.64280996	1.56933413	1.55673132
1.03300352	1.03485393	5.30260462	5.16418957	0.05481931	0.18178441	0.00006421	0.00072981	0.00000157	0.00006963	20.66007045	16.55766296	0.00016486	0.00059881	0.27729470	0.98933002	1.31522361	1.36751786	1.20374126	1.24744938
1.00475653	1.00470403	0.95454222	1.34136865	0.00316709	0.02655258	0.00000735	0.00021761	0.00000021	0.00002344	6.02853918	8.03763228	0.00001149	0.00002905	0.10232853	0.40764104	0.24479050	0.27560296	0.22017751	0.24407141
1.01862504	1.02198360	3.95124744	3.97255905	0.04000859	0.13551518	0.00006451	0.00075426	0.00000219	0.00009610	12.22350054	12.26380325	0.00007740	0.00039454	0.28221738	1.04740046	0.97237167	1.04388231	0.96014947	1.01945466
1.02393058	1.03354921	4.15553698	5.50469752	0.05257635	0.26412948	0.00008535	0.00148359	0.00000226	0.00015416	11.26323635	12.40259049	0.00014329	0.00076445	0.31975414	1.46351972	1.09429464	1.44597066	1.06386611	1.37024473
1.03247901	1.03303903	5.72624052	4.22732932	0.10847787	0.17269041	0.00019741	0.00105720	0.00000871	0.00015835	14.45470611	12.39646833	0.00015851	0.00042755	0.44422280	1.26422421	1.35599750	1.14617337	1.26603546	1.10926810
1.02592611	1.02665996	1.78810358	1.71415310	0.01238056	0.03570432	0.00002789	0.00027209	0.00000082	0.00002605	10.25926105	7.18661970	0.00003026	0.00016060	0.16726376	0.59652681	0.41245012	0.43401972	0.36589352	0.40227642
1.15067527	1.16953164	3.36076872	2.64643072	0.05454840	0.12304095	0.00015311	0.00119536	0.00000581	0.00009470	9.20540216	7.01718985	0.00016600	0.00097872	0.39254123	1.20175534	0.77690250	0.68596230	0.73545133	0.66598267
1.02869804	1.03023518	2.79317302	2.49250338	0.04392792	0.11024119	0.00013470	0.00112906	0.00000417	0.00011114	8.22958430	9.27211658	0.00008579	0.00050711	0.32530376	1.09304241	0.58929238	0.59081508	0.53913058	0.56503830
1.05802088	1.05462659	10.64636568	6.95654057	0.20630088	0.28140244	0.00021805	0.00100875	0.00000902	0.00012638	23.27645944	17.92865195	0.00021210	0.00057357	0.48230915	1.25206244	2.53497300	1.93900729	2.32642449	1.81921550
1.01263608	1.01427127	1.12688704	2.70180485	0.01101267	0.21140398	0.00003960	0.00253917	0.00000079	0.00045166	8.10108865	7.09989887	0.00000948	0.00009601	0.15778878	1.12004949	0.24374342	0.51511486	0.22349574	0.45102147
1.03500266	1.03160076	2.80909802	2.11779950	0.03057515	0.05205036	0.00006075	0.00036113	0.00000242	0.00005161	7.24501861	9.28440685	0.00007070	0.00015096	0.25329055	0.68575992	0.70814103	0.54837766	0.61639012	0.50732707
1.11241364	1.11129218	2.74867403	3.33430885	0.05480234	0.23629616	0.00020688	0.00319796	0.00000995	0.00051493	10.01172274	8.89033745	0.00016491	0.00042808	0.45388509	1.73860493	0.66793979	0.71180283	0.63487639	0.62755526
1.01463965	1.01708170	2.28837587	2.38470856	0.02371934	0.09934268	0.00006396	0.00090962	0.00000209	0.00011067	5.07319824	5.08540850	0.00010945	0.00050701	0.28783492	1.05959096	0.59301309	0.64242790	0.52952281	0.60168950
1.03530445	1.03891755	4.61280224	4.42643669	0.05498227	0.22080219	0.00010349	0.00143234	0.00000417	0.00019738	14.49426224	13.50592815	0.00013176	0.00055782	0.36871883	1.26949445	1.08826641	1.08509881	1.05280108	1.03033119
1.00688895	1.00804842	1.86329406	1.85313919	0.01278173	0.04472131	0.00003013	0.00037675	0.00000096	0.00005317	12.08266740	13.10462951	0.00000814	0.00006986	0.14451870	0.60850242	0.34062818	0.40041741	0.25868800	0.32852465
1.08807920	1.09869671	7.74452971	8.58095209	0.12822267	0.53012969	0.00017478	0.00250401	0.00000616	0.00033468	15.23310886	14.28305721	0.00030080	0.00147687	0.51886731	1.97780824	2.11471995	2.32433812	2.00813985	2.18137692
1.07724678	1.07982039	7.02715650	6.02749695	0.10496195	0.28028141	0.00012430	0.00112620	0.00000402	0.00011276	18.31319524	16.19730582	0.00025135	0.00098952	0.38210900	1.23485845	1.79239881	1.70542586	1.71519301	1.66662497
1.02836481	1.03228495	4.58435915	5.45736225	0.04397494	0.16855452	0.00004433	0.00058270	0.00000128	0.00006959	21.59566104	20.64569899	0.00008778	0.00037066	0.21054916	0.86391877	1.16033923	1.38684036	1.07246825	1.21654295
1.01468459	1.01495995	1.63772281	2.60221935	0.00640642	0.05574281	0.00001004	0.00030072	0.00000035	0.00004251	11.16153050	14.20943934	0.00001690	0.00004663	0.11202283	0.53411193	0.39728030	0.54785816	0.35425825	0.52057701
1.04456049	1.05029406	1.36886002	1.79468487	0.01422477	0.06450173	0.00004620	0.00074535	0.00000099	0.00008035	7.31192343	6.30176436	0.00002228	0.00013906	0.17039024	0.79895386	0.29144295	0.38264563	0.27155925	0.35599754
1.03799504	1.05115811	5.09844525	5.97815797	0.08676772	0.37715249	0.00014325	0.00213615	0.00000496	0.00026397	13.49393549	11.56273922	0.00020563	0.00133123	0.38425451	1.60897789	1.29299991	1.57618154	1.20891141	1.50907001
1.04637547	1.04806286	8.03654838	7.55670795	0.12110483	0.30531695	0.00012967	0.00112170	0.00000455	0.00013377	23.02026037	20.96125717	0.00019542	0.00064753	0.39994620	1.32525368	2.07500170	2.00089136	1.94572156	1.89513390
1.03533104	1.03980684	3.40778811	3.14389585	0.02962043	0.08214881	0.00004242	0.00040051	0.00000114	0.00004455	13.45930350	11.43787528	0.00005200	0.00017992	0.20860874	0.70700968	0.80922749	0.80473237	0.75482121	0.76107048
1.04372197	1.04371105	3.55468283	2.38174833	0.02470978	0.04030790	0.00002995	0.00016333	0.00000086	0.00001508	15.65582955	12.52453260	0.00003438	0.00012131	0.17406577	0.46850951	0.79777737	0.64127266	0.72945543	0.62146266
1.00623874	1.00685079	2.65590549	2.65860197	0.02950829	0.10725726	0.00006144	0.00078363	0.00000300	0.00013051	12.07486486	10.06850792	0.00006213	0.00016436	0.22504472	0.82264454	0.60045624	0.62399598	0.58601603	0.58859646
1.01197731	1.00985399	0.96102922	1.63679632	0.00484728	0.04726867	0.00001438	0.00051927	0.00000027	0.00004976	5.05988654	8.07883192	0.00001430	0.00008645	0.12342294	0.67970017	0.23107448	0.34208160	0.22140119	0.27809594
1.02770547	1.02741759	2.78280796	2.75700270	0.01859745	0.05367237	0.00002206	0.00021654	0.00000073	0.00002795	12.33246567	14.38384628	0.00002913	0.00010933	0.14946186	0.52819770	0.69996652	0.72609125	0.65759337	0.69186465
1.02893150	1.02640278	2.00888373	2.31564843	0.01763701	0.07024825	0.00004593	0.00063824	0.00000114	0.00007751	8.23145196	8.21122226	0.00007809	0.00023914	0.25136099	0.89851691	0.53615460	0.54790363	0.49626370	0.46268401
1.01301081	1.01490010	1.39075026	1.71097452	0.01091913	0.04626120	0.00003016	0.00042057	0.00000115	0.00005564	6.07806488	7.10430069	0.00002433	0.00018657	0.15436462	0.69680836	0.31044198	0.42507866	0.29846089	0.37981875
1.00451540	1.00410456	1.24461617	0.84365046	0.01086633	0.01445521	0.00003455	0.00014949	0.00000098	0.00001055	6.02709241	6.02462737	0.00001122	0.00001138	0.13366032	0.29021726	0.23350377	0.15527755	0.16058452	0.13756885
1.02610126	1.02632418	2.93339453	2.41329460	0.02334072	0.06166890	0.00004380	0.00040546	0.00000168	0.00004486	12.31321508	10.26324176	0.00003677	0.00007355	0.20501241	0.63216336	0.60692922	0.53143613	0.53972555	0.47611584
1.03009026	1.03301392	3.94907071	3.29234713	0.07749040	0.12170672	0.00015183	0.00076706	0.00000402	0.00007843	13.39117339	8.26411140	0.00004661	0.00050658	0.28976838	1.06145450	0.82150321	0.93493442	0.80902973	0.89309356
1.02829310	1.02650923	3.35447652	2.37168205	0.04615750	0.08101989	0.00009565	0.00055994	0.00000347	0.00007700	17.48098276	14.37112918	0.00003557	0.00016157	0.23381615	0.66597678	0.62675046	0.53343130	0.53233783	0.46604692
1.00876963	1.00784881	2.24628664	2.05912515	0.02074149	0.05858717	0.00004481	0.00042013	0.00000111	0.00006024	11.09646596	10.07848807	0.00002039	0.00012048	0.17578288	0.62482744	0.45199371	0.48229028	0.41447308	0.44798967
1.01462381	1.01715816	2.78147971	3.14218156	0.02218010	0.10010675	0.00003631	0.00056192	0.00000089	0.00008442	17.24860472	13.22305606	0.00001705	0.00017392	0.17320405	0.73124589	0.58777357	0.72139314	0.53659412	0.66797649
1.03472181	1.04482859	4.52313783	4.41335308	0.06764194	0.21920481	0.00014555	0.00163291	0.00000530	0.00017905	11.38193986	11.49311445	0.00014496	0.00088697	0.42180830	1.62914769	1.08898264	1.21320511	1.05062421	1.16185243
1.05441358	1.05666870	6.06056084	4.08940415	0.15308689	0.26300832	0.00031437	0.00186217	0.00001227	0.00026930	13.70737657	10.56668699	0.00013929	0.00048729	0.50557635	1.27432164	1.36760981	0.99882770	1.21721362	0.97947648
1.06771102	1.06779401	5.02480447	4.58113737	0.04273075	0.12265130	0.00004171	0.00039526	0.00000122	0.00003662	20.28650947	16.01691018	0.00008963	0.00034460	0.23615396	0.76331884	1.34409851	1.31386859	1.31531423	1.29554554
1.06367242	1.06027886	6.40542112	5.13675166	0.11999853	0.27663299	0.00019334	0.00150306	0.00000786	0.00018716	15.95508635	11.66306745	0.00024321	0.00084101	0.44164290	1.31101158	1.52271471	1.33838927	1.34267540	1.24109226
1.01555620	1.01849258	2.86367820	3.46710297	0.02452215	0.11079303	0.00004297	0.00065308	0.00000141	0.00007471	9.14000584	11.20341835	0.00007211	0.00033160	0.23542287	0.94805169	0.74639177	0.89186512	0.67554750	0.84833850
1.03019719	1.02413418	2.57643793	3.40977920	0.02753118	0.15627181	0.00006049	0.00111177	0.00000219	0.00012760	11.33216911	14.33787850	0.00003401	0.00016899	0.22230932	0.87969108	0.56202669	0.68403580	0.48097992	0.51907720
1.02375163	1.01605587	2.94268478	2.43514613	0.03873811	0.07696526	0.00009083	0.00058643	0.00000294	0.00008137	15.35627449	12.19267049	0.00006172	0.00022922	0.27719490	0.77597247	0.65671292	0.56414903	0.61474154	0.46817398
1.04259029	1.03981237	3.33806300	3.13247172	0.03974161	0.07861679	0.00006049	0.00037630	0.00000245	0.00006037	17.72403485	16.63699789	0.00002307	0.00012729	0.19131994	0.62479865	0.69813951	0.72280769	0.65059195	0.66430041
1.04203405	1.04524359	4.28854481	3.30129438	0.04341326	0.08806271	0.00005409	0.00036241	0.00000176	0.00004988	21.88271496	13.58816666	0.00002300	0.00018041	0.18790636	0.64322952	0.83769891	0.86671976	0.76452843	0.83593259
1.00526643	1.00286175	1.93761738	0.71008822	0.02574193	0.02113916	0.00008515	0.00024710	0.00000186	0.00002323	6.03159856	7.02003227	0.00001593	0.00000311	0.17789060	0.30540364	0.29872480	0.14470059	0.24872524	0.11928533
1.00378988	1.00216430	1.47346626	1.02161918	0.01110517	0.01503490	0.00003391	0.00014913	0.00000138	0.00001732	7.02652913	5.01082151	0.00001968	0.00002913	0.17671334	0.38781335	0.32143509	0.21621552	0.26731560	0.18601547
1.02761546	1.02715221	1.80813396	1.91228461	0.01561263	0.06249360	0.00003414	0.00046484	0.00000137	0.00007229	9.24853918	12.32582650	0.00003020	0.00009958	0.17278900	0.64916422	0.43899440	0.48360358	0.39731325	0.46638333
1.00610623	1.00672788	1.95294864	1.62357870	0.01352652	0.03332918	0.00003150	0.00027403	0.00000111	0.00003590	11.06716848	9.06055089	0.00001987	0.00009740	0.16512756	0.59746676	0.39389964	0.40270642	0.33038858	0.36693133
1.01022623	1.01020105	0.66845875	1.23747821	0.00285806	0.03082116	0.00000911	0.00033673	0.00000029	0.00002100	4.04090492	6.06120632	0.00000659	0.00001816	0.09346468	0.43444920	0.16282905	0.21975566	0.15092734	0.18250742
1.01324596	1.01152129	3.04865368	3.02942111	0.03131797	0.09626130	0.00005378	0.00059189	0.00000140	0.00009216	12.15895150	13.14977677	0.00002575	0.00011076	0.19222257	0.75143076	0.62183005	0.67738824	0.52368254	0.61917645
1.04572699	1.04938934	3.67659907	3.66338239	0.03329320	0.10098180	0.00003865	0.00040689	0.00000097	0.00004911	23.00599379	15.74084010	0.00002728	0.00031769	0.17729716	0.71432360	0.84827919	0.98344277	0.80611717	0.94766409
1.05758129	1.05584036	3.30149578	5.36531996	0.03653183	0.28587656	0.00007007	0.00176285	0.00000230	0.00028184	10.57581291	15.83760533	0.00011230	0.00047714	0.29747500	1.43820501	0.86157215	1.29235634	0.85570488	1.20102232
1.02318815	1.02010248	1.23810236	1.86401462	0.01391838	0.09681698	0.00007414	0.00167810	0.00000257	0.00024061	8.18550517	6.12061490	0.00003029	0.00017261	0.28431553	1.25494885	0.29649475	0.39966669	0.27572399	0.29790723
1.02450829	1.02792443	1.73481245	2.92627436	0.00819806	0.08668559	0.00001387	0.00048292	0.00000041	0.00007207	12.29409946	13.36301757	0.00003867	0.00014096	0.14247194	0.69841538	0.46793063	0.69470320	0.42532308	0.63272127
1.03361974	1.03556263	5.27912705	4.14678802	0.13019031	0.27915072	0.00030443	0.00226794	0.00001376	0.00029325	9.30257768	8.28450107	0.00035933	0.00093870	0.54858918	1.56314042	1.30330963	1.06646983	1.21458070	1.02343299
1.02317472	1.02544924	1.81608561	1.77538094	0.01520401	0.05623340	0.00003867	0.00048771	0.00000128	0.00005736	6.13904834	7.17814470	0.00009052	0.00021766	0.23000920	0.71656687	0.50244052	0.45817194	0.46810365	0.43444226
1.05670746	1.05809202	3.71039727	2.75133737	0.03544509	0.05505055	0.00005018	0.00025392	0.00000217	0.00002168	15.85061197	11.63901221	0.00005304	0.00019346	0.21960207	0.64168073	0.86179341	0.77216390	0.82523267	0.74278792
1.00316120	1.00283124	0.91337071	1.46631053	0.00420297	0.03444697	0.00001252	0.00034321	0.00000055	0.00004872	8.02528959	8.02264993	0.00001076	0.00006463	0.11505035	0.55512318	0.21457010	0.30882253	0.18831080	0.25970880
1.00614578	1.00689043	1.33233136	2.16112437	0.01471683	0.12908182	0.00006778	0.00187212	0.00000431	0.00028195	6.03687470	7.04823304	0.00003437	0.00012502	0.22708595	1.09862188	0.27388565	0.41828011	0.24283994	0.32049152
1.03743822	1.03281840	3.83231601	3.15052921	0.08674334	0.14667524	0.00024315	0.00134534	0.00001043	0.00021360	12.44925861	11.36100244	0.00005879	0.00038732	0.37381697	1.26170804	0.74079959	0.76275384	0.63885464	0.65121084
1.01878441	1.01349668	1.18232359	1.60743794	0.01174790	0.06106688	0.00004432	0.00076773	0.00000256	0.00011277	6.11270644	10.13496681	0.00004158	0.00008490	0.20593266	0.75253432	0.30324004	0.33087627	0.28946936	0.27919113
1.01096463	1.01297307	3.30119682	3.80801473	0.02746623	0.12766742	0.00004529	0.00070080	0.00000165	0.00008977	12.13157556	12.15567681	0.00005692	0.00015896	0.24144594	0.90304825	0.81349067	0.91287919	0.76443377	0.85687094
1.05355319	1.06265311	4.53384399	5.74174985	0.05035315	0.25369128	0.00007139	0.00118397	0.00000297	0.00016701	16.85685102	18.06510291	0.00010104	0.00059257	0.28392612	1.25265808	1.11251492	1.48890843	1.07935551	1.40587229
1.00749498	1.00622427	1.31538082	1.68280187	0.00597330	0.03312039	0.00001198	0.00021560	0.00000034	0.00003799	9.06745486	12.07469121	0.00001472	0.00004413	0.10650918	0.43396109	0.29509644	0.36947787	0.26694957	0.32017166
1.01179668	1.01303852	2.37771148	2.69599997	0.01458255	0.05811638	0.00002130	0.00027253	0.00000061	0.00004055	16.18874680	17.22165487	0.00001189	0.00008670	0.12068306	0.53540614	0.45893220	0.63280774	0.37077563	0.55980786
1.01882035	1.01577137	3.86458415	2.43329908	0.06043806	0.09070852	0.00014090	0.00065914	0.00000743	0.00011074	11.20702381	8.12617094	0.00012459	0.00015990	0.38046306	0.78274448	0.90657160	0.59756804	0.85602761	0.53568118
1.00924869	1.01053174	2.51529258	3.43210792	0.01582310	0.08786120	0.00002090	0.00037117	0.00000070	0.00005282	13.12023303	17.17903961	0.00002213	0.00010939	0.14874536	0.63721215	0.62545709	0.83664520	0.57375619	0.78531139
1.01975333	1.02127987	2.38790266	2.73911617	0.02765288	0.11254228	0.00008748	0.00111758	0.00000357	0.00014899	7.13827328	9.19151884	0.00014966	0.00037015	0.35761221	1.25130822	0.62796129	0.69870730	0.56781646	0.64049754
1.05819940	1.06273100	2.44595419	3.11125731	0.02191181	0.12727181	0.00005114	0.00092016	0.00000236	0.00013604	9.52379459	12.75277196	0.00005288	0.00022603	0.23823917	0.92303527	0.56708907	0.70710817	0.51590607	0.62023970
1.04459985	1.05262890	5.87078921	5.61928803	0.10119372	0.31520899	0.00020219	0.00217057	0.00000753	0.00023277	7.31219892	7.36840230	0.00036869	0.00119413	0.57757490	1.92414344	1.60591637	1.55101687	1.47693126	1.42560214
1.07699275	1.07150634	6.39617183	4.93329560	0.11101117	0.21766125	0.00016692	0.00112848	0.00000650	0.00012803	10.76992752	9.64355707	0.00026422	0.00079477	0.46563837	1.31033962	1.72031292	1.40297211	1.55742287	1.37274269
1.02191212	1.02504469	1.50262722	1.76793328	0.00691767	0.03517074	0.00001375	0.00025919	0.00000024	0.00002566	5.10956058	8.20035749	0.00004861	0.00014467	0.15488476	0.60386438	0.43298020	0.45440871	0.41378199	0.42234376
1.01676407	1.01759656	2.51869901	2.83796909	0.03128798	0.14730848	0.00009508	0.00157426	0.00000320	0.00018342	5.08382036	6.10557936	0.00017287	0.00051316	0.39045410	1.47180958	0.71381180	0.76284323	0.67043824	0.70965276
1.04020830	1.04510360	10.72669959	10.33853242	0.21026363	0.64574907	0.00022762	0.00237222	0.00001036	0.00034948	23.92479100	17.76676120	0.00029813	0.00101285	0.53837897	1.84842408	2.76282519	2.79306081	2.52701284	2.59893898
1.03674526	1.03586706	6.11704193	5.02352039	0.08814905	0.19242032	0.00013585	0.00100028	0.00000501	0.00012154	15.55117896	13.46627172	0.00019268	0.00051920	0.43562394	1.27457485	1.57034384	1.36137394	1.42983248	1.27119864
1.01046695	1.01125107	2.01499672	2.56525525	0.01203385	0.06485110	0.00001752	0.00031366	0.00000056	0.00004224	11.11513646	12.13501284	0.00002211	0.00012538	0.13519266	0.57040680	0.51598377	0.65446343	0.49134567	0.62776193
1.07272914	1.07199922	6.71931753	5.75787025	0.12098015	0.32611883	0.00016531	0.00152580	0.00000654	0.00019766	15.01820800	12.86399070	0.00025786	0.00078391	0.44011782	1.33080585	1.78933922	1.57956253	1.66698545	1.47899155
1.03625551	1.03666315	3.09423213	3.10854135	0.03653238	0.11591753	0.00007962	0.00083516	0.00000301	0.00007191	11.39881066	11.40329470	0.00017129	0.00031210	0.30984839	0.94519847	0.78983809	0.72642292	0.73877303	0.68362716
1.06457009	1.07053237	4.22087778	4.33519863	0.06305010	0.19709903	0.00011423	0.00117803	0.00000391	0.00015784	14.90398126	11.77585602	0.00010004	0.00064425	0.32470443	1.25312566	0.99564890	1.16366618	0.92263292	1.13563436
1.04007315	1.04523201	6.28284101	3.53204335	0.12030715	0.14918410	0.00021691	0.00096147	0.00000429	0.00010901	20.80146302	10.45232012	0.00010015	0.00050489	0.39500785	1.13544557	1.21695346	0.97754047	1.16206622	0.94788274
1.00569144	1.00646337	1.11196152	1.71951547	0.00604543	0.05763713	0.00001641	0.00054695	0.00000046	0.00004353	8.04553155	8.05170699	0.00002123	0.00008820	0.13952226	0.59385063	0.28552973	0.34600763	0.25969593	0.29222593
1.00342174	1.00205472	1.13679898	0.88353317	0.00966431	0.01711505	0.00003211	0.00019924	0.00000110	0.00002980	7.02395221	8.01643776	0.00002023	0.00003555	0.13406507	0.41816452	0.22412391	0.19911258	0.19622649	0.18307646
1.04334143	1.04651744	2.60909012	2.42559824	0.02609887	0.07883628	0.00004920	0.00051951	0.00000119	0.00006764	12.52009711	11.51169184	0.00001886	0.00008343	0.18313915	0.67430904	0.53961146	0.56661130	0.50805940	0.53686364
1.05871392	1.05122253	5.86020725	3.98565794	0.10505942	0.16397408	0.00018468	0.00098272	0.00000795	0.00014133	12.70456710	11.56344782	0.00019407	0.00042404	0.47110026	1.11010048	1.48876299	1.02788593	1.41144577	1.00655116
1.01348904	1.01464764	3.21266134	2.83015614	0.03268329	0.10745289	0.00006770	0.00077635	0.00000261	0.00012298	11.14837941	9.13182873	0.00007499	0.00024319	0.25771249	0.90327128	0.69111785	0.69283978	0.65458950	0.61290399
1.04453143	1.03620708	4.31482713	3.57446731	0.06453828	0.11168595	0.00011190	0.00060268	0.00000411	0.00007201	17.75703439	15.54310614	0.00006675	0.00017311	0.31200268	0.83801925	0.99959289	0.86046301	0.98096741	0.83360616
1.09951952	1.10325951	7.33534581	4.87028846	0.07844006	0.16666825	0.00007142	0.00059293	0.00000197	0.00005303	35.18462470	13.23911418	0.00004692	0.00058941	0.24470865	0.85360686	1.49311674	1.33162808	1.33969145	1.29431586
1.04791332	1.04122912	5.00879096	3.50708878	0.07483758	0.16327783	0.00014333	0.00111051	0.00000403	0.00012098	12.57495987	9.37106208	0.00018701	0.00067286	0.40605680	1.14584105	1.17781971	0.93487649	1.14244256	0.89202688
1.10365092	1.08750506	7.86002110	7.00095055	0.22799272	0.58895370	0.00056260	0.00536881	0.00002137	0.00073710	7.72555646	7.61253540	0.00083305	0.00279199	0.92500426	3.10938480	2.08251817	1.89348693	1.96264844	1.68484785
1.09689877	1.07986817	5.27180954	4.62857986	0.15390086	0.27004226	0.00036361	0.00172393	0.00001835	0.00023001	10.96898767	10.79868170	0.00037142	0.00064419	0.59702905	1.43878423	1.40378043	1.25132804	1.32260774	1.19605377
1.09118034	1.10065646	5.05132596	4.70659238	0.06628724	0.21631850	0.00010662	0.00125561	0.00000290	0.00011935	14.18534438	9.90590812	0.00026615	0.00121596	0.38777380	1.40354048	1.33926677	1.34149428	1.28427536	1.29978650
1.01931610	1.01890381	4.19351886	3.58919678	0.06916846	0.17600496	0.00016696	0.00150859	0.00000757	0.00024506	10.19316102	10.18903805	0.00006947	0.00025055	0.38484708	1.24481975	0.88570590	0.80498019	0.85161805	0.66044362
1.07664527	1.08384165	1.48853211	2.18509933	0.01324032	0.08883988	0.00004041	0.00097420	0.00000107	0.00009744	5.38322635	8.67073322	0.00006057	0.00030241	0.20312560	0.91910211	0.36976698	0.46361339	0.34456392	0.37466204
1.01566956	1.01245861	2.00478109	1.60166342	0.02356431	0.04697117	0.00007143	0.00052196	0.00000247	0.00006570	6.09401737	6.07475166	0.00006974	0.00020839	0.26412826	0.81001368	0.48402561	0.40419924	0.42767149	0.36746811
1.01994354	1.01439488	1.82294219	2.10567879	0.01753096	0.06943389	0.00004233	0.00058476	0.00000149	0.00008494	6.11966123	11.15834363	0.00004284	0.00009500	0.17834325	0.65305907	0.41026971	0.42891459	0.37738769	0.33652466
1.05601990	1.06521033	2.44936800	2.18769083	0.03381844	0.12269429	0.00009373	0.00125987	0.00000296	0.00018470	6.33611942	6.39126197	0.00010180	0.00053088	0.30519156	1.08718265	0.61173349	0.58725235	0.57955176	0.55456302
1.02046616	1.02013498	1.25581661	2.03327059	0.01164974	0.08629107	0.00004057	0.00107159	0.00000128	0.00017280	6.12279695	7.14094485	0.00002359	0.00019256	0.19910889	1.04562817	0.31761902	0.46701813	0.28035903	0.35578299
1.02548830	1.02005793	2.58323149	3.21365111	0.03170725	0.14394124	0.00005585	0.00092272	0.00000172	0.00010036	7.17841808	9.18052133	0.00010601	0.00041943	0.20849694	0.91106918	0.65762970	0.78894545	0.61420704	0.72024990
1.05230674	1.05781704	2.51029875	3.62820261	0.04504082	0.26424515	0.00015326	0.00308189	0.00000649	0.00049030	6.31384044	7.40471925	0.00018322	0.00100885	0.40596985	1.90166476	0.66281948	0.90465979	0.60281007	0.84361790
1.10967314	1.09955877	4.90970773	5.25711702	0.11116134	0.39445546	0.00023841	0.00298849	0.00000791	0.00038578	9.98705830	7.69691136	0.00045342	0.00124391	0.51602327	1.90304535	1.33662001	1.39419273	1.29860515	1.32662068
1.05505743	1.06045703	4.28937989	4.10073678	0.04705868	0.15692768	0.00006244	0.00073172	0.00000243	0.00009344	15.82586138	16.96731247	0.00008728	0.00040754	0.24476940	0.92512928	1.02480028	1.10072179	0.97665396	1.04984446
1.13510068	1.14253379	2.92063104	3.53358160	0.03127749	0.13639231	0.00006674	0.00098886	0.00000196	0.00012905	7.94570478	11.42533792	0.00013218	0.00065650	0.31749238	1.24131760	0.82664138	0.95040000	0.75153437	0.92895875
1.09364846	1.10031543	2.08395204	2.02521268	0.02616707	0.09150157	0.00009414	0.00116816	0.00000334	0.00013226	4.37459384	6.60189256	0.00013489	0.00048159	0.36168456	1.24140967	0.55847951	0.53938423	0.51628434	0.51316348
1.05284154	1.06078084	5.89462428	5.47358854	0.08328340	0.24525826	0.00010374	0.00105689	0.00000357	0.00013739	17.89830617	19.09405514	0.00012536	0.00032720	0.30324545	1.08681918	1.35231056	1.39907746	1.27708325	1.31795492
1.00656262	1.00744267	1.70986325	1.15059625	0.01423202	0.02165320	0.00003926	0.00020293	0.00000098	0.00001520	7.04593833	7.05209871	0.00002110	0.00008569	0.17406463	0.51412526	0.35051689	0.30425799	0.29687441	0.29592037
1.00698273	1.00654376	1.07357781	1.02197242	0.00667180	0.02030572	0.00001993	0.00022486	0.00000045	0.00002484	7.04887909	7.04580633	0.00000580	0.00001751	0.09818908	0.41264621	0.18263406	0.20628591	0.15678499	0.16510352
1.06461144	1.06433843	3.52285130	3.18123636	0.03154087	0.09036263	0.00004105	0.00040948	0.00000138	0.00005066	18.09839445	12.77206115	0.00003660	0.00016548	0.18115287	0.67069356	0.77313781	0.82018686	0.69648165	0.79695288
1.02928565	1.02815832	2.49888732	2.90295427	0.02510657	0.11128352	0.00005751	0.00090497	0.00000204	0.00011906	9.26357089	8.22526657	0.00008332	0.00048356	0.27541543	1.13335436	0.66791274	0.77301584	0.61540888	0.74433322
1.05256407	1.05363813	5.20712088	4.08665327	0.12116581	0.29244774	0.00024230	0.00209450	0.00000838	0.00025907	14.73589704	12.64365753	0.00024885	0.00103371	0.42393260	1.39443373	1.17764139	1.08027479	1.14044427	1.05141218
1.01924283	1.01944508	2.41071618	2.10460067	0.01717282	0.04975916	0.00003173	0.00032683	0.00000052	0.00002610	9.17318544	9.17500569	0.00004453	0.00015510	0.18096878	0.63535543	0.54408939	0.53625952	0.52222027	0.49938845
1.00958103	1.00870204	2.35716918	2.02708271	0.02557167	0.05459831	0.00006248	0.00045971	0.00000233	0.00005641	10.09581034	9.07831832	0.00006844	0.00015287	0.22081761	0.74291180	0.50202579	0.48924105	0.43425848	0.43033274
1.00770294	1.00820984	1.97381784	1.78446310	0.01927921	0.04578419	0.00004420	0.00035810	0.00000142	0.00005166	8.06162353	12.09851804	0.00001150	0.00003243	0.15025737	0.49078509	0.36401192	0.34654143	0.31561821	0.27572083
1.03468076	1.03790294	3.12534677	3.14004776	0.01978718	0.08635373	0.00002828	0.00042122	0.00000081	0.00005322	12.41616906	12.45483530	0.00005579	0.00020528	0.20537813	0.71141179	0.79842565	0.80900378	0.76038985	0.77615435
1.03978502	1.03683481	1.62183387	1.98063527	0.01898876	0.09293551	0.00007882	0.00133117	0.00000275	0.00017659	6.23871013	6.22100888	0.00012469	0.00047024	0.31661996	1.29880595	0.42372967	0.50245069	0.38613841	0.46431507
1.03261810	1.03348087	2.11893056	3.04854139	0.02469594	0.12207653	0.00006861	0.00118448	0.00000218	0.00015577	7.22832673	7.23436607	0.00014333	0.00066225	0.28875567	1.44471592	0.57737237	0.82650728	0.54263019	0.78741067
